ID,Order,SKU,Member
1,7409204,15668379,SWLCNOE
2,7409204,15668478,SWLCNOE
3,7409204,15668465,SWLCNOE
4,7409204,15668688,SWLCNOE
5,7409204,15668468,SWLCNOE
6,8076206,15669869,SWOEZES
7,8076206,15669777,SWOEZES
8,8076206,15669832,SWOEZES
9,8076206,15669866,SWOEZES
10,8076206,15669878,SWOEZES
11,7560723,15668379,SSWWRHW
12,7560723,15668462,SSWWRHW
13,7560723,15668460,SSWWRHW
14,7560723,15668468,SSWWRHW
15,7560723,15668685,SSWWRHW
16,8362837,15669880,SWLSCOZ
17,8362837,7580823,SWLSCOZ
18,8362837,15669776,SWLSCOZ
19,8362837,15669781,SWLSCOZ
20,8362837,15669832,SWLSCOZ
21,8202458,15668469,SSRCRSO
22,8202458,15668381,SSRCRSO
23,8202458,15669861,SSRCRSO
24,8202458,15668688,SSRCRSO
25,8202458,15668460,SSRCRSO
26,8081317,15669832,SWLZSNO
27,8081317,15669857,SWLZSNO
28,8081317,15669870,SWLZSNO
29,8081317,15669872,SWLZSNO
30,8081317,15669767,SWLZSNO
31,8378408,15668460,SSWLNRZ
32,8378408,15668381,SSWLNRZ
33,8378408,15668462,SSWLNRZ
34,8378408,15668467,SSWLNRZ
35,8378408,15668688,SSWLNRZ
36,7440894,15668460,SSWZHRR
37,7440894,15668379,SSWZHRR
38,7440894,15668381,SSWZHRR
39,7440894,15669817,SSWZHRR
40,7440894,15670269,SSWZHRR
41,7738863,15668462,SWOHOER
42,7738863,15669864,SWOHOER
43,7738863,15669869,SWOHOER
44,7738863,15669878,SWOHOER
45,7738863,15669780,SWOHOER
46,7771136,15668685,SWOCNOC
47,7771136,15668381,SWOCNOC
48,7771136,7585573,SWOCNOC
49,7771136,15668453,SWOCNOC
50,7771136,15669860,SWOCNOC
51,8223433,15668465,SSZNOWR
52,8223433,15668478,SSZNOWR
53,8223433,15668688,SSZNOWR
54,8223433,15670251,SSZNOWR
55,8223433,15668379,SSZNOWR
56,8105205,15668688,SWRNHCS
57,8105205,15670196,SWRNHCS
58,8105205,15670260,SWRNHCS
59,8105205,15669872,SWRNHCS
60,8105205,15669874,SWRNHCS
61,8082175,15668688,SSSEWLS
62,8082175,15668478,SSSEWLS
63,8082175,15668465,SSSEWLS
64,8082175,15668379,SSSEWLS
65,8082175,15668468,SSSEWLS
66,8089212,15668381,SWCNZWN
67,8089212,15668469,SWCNZWN
68,8089212,15668466,SWCNZWN
69,8089212,15668688,SWCNZWN
70,8089212,15668458,SWCNZWN
71,8151550,15669776,SWECZOC
72,8151550,15669872,SWECZOC
73,8151550,15669832,SWECZOC
74,8151550,15669777,SWECZOC
75,8151550,15669775,SWECZOC
76,8133840,15669767,SWCZCSZ
77,8133840,15669878,SWCZCSZ
78,8133840,7580802,SWCZCSZ
79,8133840,15669764,SWCZCSZ
80,8133840,15669860,SWCZCSZ
81,7748353,15668460,SWNROCL
82,7748353,15668688,SWNROCL
83,7748353,15668478,SWNROCL
84,7748353,15668465,SWNROCL
85,7748353,15668467,SWNROCL
86,7690884,15668449,SWOSSRS
87,7690884,15670260,SWOSSRS
88,7690884,15670251,SWOSSRS
89,7690884,15670168,SWOSSRS
90,7690884,15670250,SWOSSRS
91,8074318,15668416,SSHCNOH
92,8074318,92388008,SSHCNOH
93,8074318,15668460,SSHCNOH
94,8074318,15668378,SSHCNOH
95,8074318,15668465,SSHCNOH
96,8247009,15668465,SWOWWLL
97,8247009,15668378,SWOWWLL
98,8247009,15668462,SWOWWLL
99,8247009,15668688,SWOWWLL
100,8247009,15668467,SWOWWLL
101,7381183,15668381,SWOZCRC
102,7381183,15668467,SWOZCRC
103,7381183,15668465,SWOZCRC
104,7381183,15668379,SWOZCRC
105,7381183,15669856,SWOZCRC
106,8315583,15669869,SSZRRWR
107,8315583,15669777,SSZRRWR
108,8315583,34986328,SSZRRWR
109,8315583,15669872,SSZRRWR
110,8315583,21409004,SSZRRWR
111,8227204,15668478,SWNSEHW
112,8227204,15668379,SWNSEHW
113,8227204,15668460,SWNSEHW
114,8227204,15668465,SWNSEHW
115,8227204,15668381,SWNSEHW
116,8135835,93141023,SSZEWOW
117,8135835,15669780,SSZEWOW
118,8135835,93141092,SSZEWOW
119,8135835,15669881,SSZEWOW
120,8135835,34987629,SSZEWOW
121,8109601,15668416,SSEWSWC
122,8109601,15668688,SSEWSWC
123,8109601,15668467,SSEWSWC
124,8109601,15668379,SSEWSWC
125,8109601,15668465,SSEWSWC
126,8230221,15668381,SSNLCOZ
127,8230221,15668469,SSNLCOZ
128,8230221,15668458,SSNLCOZ
129,8230221,15668460,SSNLCOZ
130,8230221,15668463,SSNLCOZ
131,7377566,15669864,SWRHCCH
132,7377566,15669878,SWRHCCH
133,7377566,15669869,SWRHCCH
134,7377566,15669763,SWRHCCH
135,7377566,15669772,SWRHCCH
136,7605272,15669860,SWOZLCN
137,7605272,15669863,SWOZLCN
138,7605272,15669832,SWOZLCN
139,7605272,15669859,SWOZLCN
140,7605272,15669764,SWOZLCN
141,7775378,15668468,SWOCEEH
142,7775378,15668381,SWOCEEH
143,7775378,15668685,SWOCEEH
144,7775378,15668689,SWOCEEH
145,7775378,15668688,SWOCEEH
146,7480357,15668379,SWLNWOC
147,7480357,15668471,SWLNWOC
148,7480357,15668460,SWLNWOC
149,7480357,15668468,SWLNWOC
150,7480357,15668457,SWLNWOC
151,7469858,93141092,SSLRSWO
152,7469858,93141023,SSLRSWO
153,7469858,15668379,SSLRSWO
154,7469858,34986401,SSLRSWO
155,7469858,34987629,SSLRSWO
156,7686733,15668465,SWOOLHC
157,7686733,15668458,SWOOLHC
158,7686733,15668379,SWOOLHC
159,7686733,15668460,SWOOLHC
160,7686733,15668462,SWOOLHC
161,8273657,7580802,SWNRZEW
162,8273657,15669789,SWNRZEW
163,8273657,15669878,SWNRZEW
164,8273657,15669767,SWNRZEW
165,8273657,15669863,SWNRZEW
166,8089109,15669780,SSLNHHC
167,8089109,15669799,SSLNHHC
168,8089109,15669804,SSLNHHC
169,8089109,15669772,SSLNHHC
170,8089109,15669764,SSLNHHC
171,8064480,15668381,SSRCENS
172,8064480,15668378,SSRCENS
173,8064480,15668465,SSRCENS
174,8064480,15669863,SSRCENS
175,8064480,15668379,SSRCENS
176,8277630,15668467,SWNHZNC
177,8277630,15668460,SWNHZNC
178,8277630,15668688,SWNHZNC
179,8277630,15668451,SWNHZNC
180,8277630,15668457,SWNHZNC
181,8282341,15668460,SSRORNN
182,8282341,15668379,SSRORNN
183,8282341,15668381,SSRORNN
184,8282341,15668478,SSRORNN
185,8282341,15668468,SSRORNN
186,7742018,15670260,SWLRHRW
187,7742018,15668478,SWLRHRW
188,7742018,15670157,SWLRHRW
189,7742018,15670251,SWLRHRW
190,7742018,15670252,SWLRHRW
191,7710637,15670157,SWCSHZW
192,7710637,15670251,SWCSHZW
193,7710637,15668381,SWCSHZW
194,7710637,15668478,SWCSHZW
195,7710637,15670260,SWCSHZW
196,7399616,93141023,SSLWESH
197,7399616,93141092,SSLWESH
198,7399616,34987629,SSLWESH
199,7399616,15668478,SSLWESH
200,7399616,15668688,SSLWESH
201,8089417,15670251,SWCCRWR
202,8089417,15668460,SWCCRWR
203,8089417,15670260,SWCCRWR
204,8089417,15670254,SWCCRWR
205,8089417,15670252,SWCCRWR
206,8136707,15668688,SWOHNSL
207,8136707,15668467,SWOHNSL
208,8136707,15668381,SWOHNSL
209,8136707,15668460,SWOHNSL
210,8136707,15668416,SWOHNSL
211,8080319,15668467,SSNSECH
212,8080319,15668688,SSNSECH
213,8080319,15668460,SSNSECH
214,8080319,15668378,SSNSECH
215,8080319,15668381,SSNSECH
216,8355025,15669777,SWOCHZL
217,8355025,15669869,SWOCHZL
218,8355025,15669878,SWOCHZL
219,8355025,15669776,SWOCHZL
220,8355025,15669764,SWOCHZL
221,8247161,15668478,SWONLWN
222,8247161,15669817,SWONLWN
223,8247161,15668468,SWONLWN
224,8247161,15669872,SWONLWN
225,8247161,15668462,SWONLWN
226,7663653,15670157,SWNEOSH
227,7663653,15670251,SWNEOSH
228,7663653,15668416,SWNEOSH
229,7663653,15670250,SWNEOSH
230,7663653,15668378,SWNEOSH
231,8094384,15668381,SSSEWCH
232,8094384,15668688,SSSEWCH
233,8094384,15668467,SSSEWCH
234,8094384,15668379,SSSEWCH
235,8094384,15668460,SSSEWCH
236,7516989,15669764,SWRHHWL
237,7516989,15668381,SWRHHWL
238,7516989,15669778,SWRHHWL
239,7516989,15669760,SWRHHWL
240,7516989,7575499,SWRHHWL
241,8131359,15668451,SWHRCEO
242,8131359,15668688,SWHRCEO
243,8131359,15668381,SWHRCEO
244,8131359,15668467,SWHRCEO
245,8131359,15668460,SWHRCEO
246,8119388,15669777,SWLSCLN
247,8119388,15669878,SWLSCLN
248,8119388,15668379,SWLSCLN
249,8119388,7580802,SWLSCLN
250,8119388,15668688,SWLSCLN
251,8149245,15669780,SSWELWZ
252,8149245,15669760,SSWELWZ
253,8149245,15669860,SSWELWZ
254,8149245,15669764,SSWELWZ
255,8149245,15669821,SSWELWZ
256,7518687,15668688,SWNEESC
257,7518687,15668379,SWNEESC
258,7518687,15668457,SWNEESC
259,7518687,15668468,SWNEESC
260,7518687,15668460,SWNEESC
261,8169684,15668462,SWLCCWC
262,8169684,15669878,SWLCCWC
263,8169684,15668465,SWLCCWC
264,8169684,15668379,SWLCCWC
265,8169684,15668688,SWLCCWC
266,8283998,15668381,SSLRELN
267,8283998,15668379,SSLRELN
268,8283998,15668460,SSLRELN
269,8283998,15668688,SSLRELN
270,8283998,15668462,SSLRELN
271,8342762,15668468,SSWZRHL
272,8342762,15668685,SSWZRHL
273,8342762,15668381,SSWZRHL
274,8342762,15668471,SSWZRHL
275,8342762,15668416,SSWZRHL
276,8337624,15668381,SWREHHO
277,8337624,15668379,SWREHHO
278,8337624,15668471,SWREHHO
279,8337624,15668468,SWREHHO
280,8337624,15668460,SWREHHO
281,8101018,15670157,SSLREZW
282,8101018,15670250,SSLREZW
283,8101018,15668478,SSLREZW
284,8101018,15670251,SSLREZW
285,8101018,15670260,SSLREZW
286,8140923,15669869,SWNZHZN
287,8140923,15669760,SWNZHZN
288,8140923,15669878,SWNZHZN
289,8140923,15669778,SWNZHZN
290,8140923,15669821,SWNZHZN
291,8061961,15668688,SSSCOOH
292,8061961,15668381,SSSCOOH
293,8061961,15668379,SSSCOOH
294,8061961,15668451,SSSCOOH
295,8061961,15668471,SSSCOOH
296,8269031,15670260,SWRLHOS
297,8269031,15670251,SWRLHOS
298,8269031,15668465,SWRLHOS
299,8269031,15670157,SWRLHOS
300,8269031,15668478,SWRLHOS
301,7730836,15668467,SWNNOWW
302,7730836,15668465,SWNNOWW
303,7730836,15668688,SWNNOWW
304,7730836,15668460,SWNNOWW
305,7730836,15668455,SWNNOWW
306,8322799,15669780,SWOCNCN
307,8322799,15669863,SWOCNCN
308,8322799,15669860,SWOCNCN
309,8322799,15669763,SWOCNCN
310,8322799,15669878,SWOCNCN
311,7826605,15669869,SWNRWOH
312,7826605,15669832,SWNRWOH
313,7826605,15669878,SWNRWOH
314,7826605,15669760,SWNRWOH
315,7826605,15669866,SWNRWOH
316,7812284,15668478,SWLLESL
317,7812284,15669885,SWLLESL
318,7812284,15668379,SWLLESL
319,7812284,15668688,SWLLESL
320,7812284,15669863,SWLLESL
321,8079315,15669778,SSSHNNH
322,8079315,15668462,SSSHNNH
323,8079315,15668465,SSSHNNH
324,8079315,15668460,SSSHNNH
325,8079315,15669764,SSSHNNH
326,8087495,15668416,SSCZRCZ
327,8087495,15668521,SSCZRCZ
328,8087495,15668467,SSCZRCZ
329,8087495,15669772,SSCZRCZ
330,8087495,15669780,SSCZRCZ
331,7830638,15669878,SWLSZWZ
332,7830638,15669777,SWLSZWZ
333,7830638,15669861,SWLSZWZ
334,7830638,15669880,SWLSZWZ
335,7830638,15669856,SWLSZWZ
336,8265392,15668459,SWCCSEN
337,8265392,15668379,SWCCSEN
338,8265392,15668462,SWCCSEN
339,8265392,15668468,SWCCSEN
340,8265392,15669864,SWCCSEN
341,7756215,15668468,SWNNZOR
342,7756215,15668379,SWNNZOR
343,7756215,15668465,SWNNZOR
344,7756215,15668460,SWNNZOR
345,7756215,15668462,SWNNZOR
346,8096359,15668458,SSWRLZN
347,8096359,15668379,SSWRLZN
348,8096359,15668460,SSWRLZN
349,8096359,15668381,SSWRLZN
350,8096359,15668467,SSWRLZN
351,8192688,15668460,SSZLWLC
352,8192688,15668467,SSZLWLC
353,8192688,15668462,SSZLWLC
354,8192688,15668381,SSZLWLC
355,8192688,15668379,SSZLWLC
356,8205042,15668460,SSSNESR
357,8205042,15668381,SSSNESR
358,8205042,15668458,SSSNESR
359,8205042,15668378,SSSNESR
360,8205042,15668469,SSSNESR
361,8087997,15668478,SWCOLON
362,8087997,15668467,SWCOLON
363,8087997,15668451,SWCOLON
364,8087997,15668381,SWCOLON
365,8087997,15668375,SWCOLON
366,8071092,15668381,SSLNESH
367,8071092,15668468,SSLNESH
368,8071092,15668465,SSLNESH
369,8071092,15668462,SSLNESH
370,8071092,15668379,SSLNESH
371,8180759,15668379,SSWWLCZ
372,8180759,15668381,SSWWLCZ
373,8180759,15668465,SSWWLCZ
374,8180759,15669780,SSWWLCZ
375,8180759,15668688,SSWWLCZ
376,7504989,15668462,SWLECZN
377,7504989,15668379,SWLECZN
378,7504989,15668468,SWLECZN
379,7504989,15668460,SWLECZN
380,7504989,15668478,SWLECZN
381,7493590,15669864,SWRELHW
382,7493590,15669772,SWRELHW
383,7493590,15668381,SWRELHW
384,7493590,15669878,SWRELHW
385,7493590,15669869,SWRELHW
386,7585530,15669878,SWOSCLE
387,7585530,15668465,SWOSCLE
388,7585530,15668688,SWOSCLE
389,7585530,15668378,SWOSCLE
390,7585530,15668467,SWOSCLE
391,8170383,15669767,SSRRSOZ
392,8170383,15669818,SSRRSOZ
393,8170383,15669776,SSRRSOZ
394,8170383,7580823,SSRRSOZ
395,8170383,15669775,SSRRSOZ
396,8230690,15669866,SSWREEE
397,8230690,15669864,SSWREEE
398,8230690,15669860,SSWREEE
399,8230690,15669765,SSWREEE
400,8230690,15669875,SSWREEE
401,8214422,15668468,SWHCOOW
402,8214422,15669824,SWHCOOW
403,8214422,15668379,SWHCOOW
404,8214422,15668688,SWHCOOW
405,8214422,15669878,SWHCOOW
406,8083432,15670267,SSLLLZC
407,8083432,15668381,SSLLLZC
408,8083432,15669880,SSLLLZC
409,8083432,15669861,SSLLLZC
410,8083432,15668469,SSLLLZC
411,8256966,15669777,SSNNSRR
412,8256966,15669857,SSNNSRR
413,8256966,15670267,SSNNSRR
414,8256966,15669869,SSNNSRR
415,8256966,15669878,SSNNSRR
416,7618192,15670251,SWLLREW
417,7618192,15670246,SWLLREW
418,7618192,15670241,SWLLREW
419,7618192,15668473,SWLLREW
420,7618192,15670260,SWLLREW
421,8065871,15668460,SSWCOLR
422,8065871,15668381,SSWCOLR
423,8065871,15668379,SSWCOLR
424,8065871,15668458,SSWCOLR
425,8065871,15668685,SSWCOLR
426,8066070,15668381,SSCZESH
427,8066070,15668379,SSCZESH
428,8066070,15668460,SSCZESH
429,8066070,15668462,SSCZESH
430,8066070,15668467,SSCZESH
431,8120159,15668460,SWLZRZH
432,8120159,15668465,SWLZRZH
433,8120159,15668379,SWLZRZH
434,8120159,15668462,SWLZRZH
435,8120159,15668381,SWLZRZH
436,8287030,15669780,SWOHOZL
437,8287030,15669760,SWOHOZL
438,8287030,15669860,SWOHOZL
439,8287030,15669821,SWOHOZL
440,8287030,15669861,SWOHOZL
441,7448378,15668379,SWORWHW
442,7448378,15668688,SWORWHW
443,7448378,15669780,SWORWHW
444,7448378,15669860,SWORWHW
445,7448378,15669777,SWORWHW
446,8072719,15668381,SWNZOLC
447,8072719,15668685,SWNZOLC
448,8072719,15668468,SWNZOLC
449,8072719,15668460,SWNZOLC
450,8072719,15668458,SWNZOLC
451,8108141,15669860,SSRCEWZ
452,8108141,15669859,SSRCEWZ
453,8108141,15669864,SSRCEWZ
454,8108141,15669856,SSRCEWZ
455,8108141,15669773,SSRCEWZ
456,7559166,15668467,SWOOOLL
457,7559166,15668465,SWOOOLL
458,7559166,15668462,SWOOOLL
459,7559166,15668688,SWOOOLL
460,7559166,15668460,SWOOOLL
461,7489019,15668465,SWESSEO
462,7489019,15668379,SWESSEO
463,7489019,15668460,SWESSEO
464,7489019,15668468,SWESSEO
465,7489019,15668462,SWESSEO
466,7863862,15669776,SWNESWN
467,7863862,15669870,SWNESWN
468,7863862,15669872,SWNESWN
469,7863862,15669863,SWNESWN
470,7863862,7580823,SWNESWN
471,8149114,15668688,SSLLREN
472,8149114,15668465,SSLLREN
473,8149114,15668467,SSLLREN
474,8149114,15668378,SSLLREN
475,8149114,15668460,SSLLREN
476,7707108,15668462,SWONWWS
477,7707108,15669765,SWONWWS
478,7707108,15669869,SWONWWS
479,7707108,15668473,SWONWWS
480,7707108,15668460,SWONWWS
481,7565166,15668460,SWLWHWC
482,7565166,15668478,SWLWHWC
483,7565166,15668688,SWLWHWC
484,7565166,15668379,SWLWHWC
485,7565166,15668685,SWLWHWC
486,8384422,15668688,SSWNRHC
487,8384422,15668379,SSWNRHC
488,8384422,7569801,SSWNRHC
489,8384422,15668467,SSWNRHC
490,8384422,15669764,SSWNRHC
491,8162986,15669878,SSSWSNS
492,8162986,15669767,SSSWSNS
493,8162986,15669818,SSSWSNS
494,8162986,15669884,SSSWSNS
495,8162986,15669764,SSSWSNS
496,8074475,15669869,SWNRLOS
497,8074475,15669760,SWNRLOS
498,8074475,15669878,SWNRLOS
499,8074475,15669777,SWNRLOS
500,8074475,15669821,SWNRLOS
501,8102389,15668381,SSCZSEE
502,8102389,15668469,SSCZSEE
503,8102389,15668449,SSCZSEE
504,8102389,15669777,SSCZSEE
505,8102389,15669857,SSCZSEE
506,8142419,15669832,SSNRHCO
507,8142419,15669857,SSNRHCO
508,8142419,15669814,SSNRHCO
509,8142419,15669781,SSNRHCO
510,8142419,15669872,SSNRHCO
511,8346285,15669817,SWHENWW
512,8346285,15669818,SWHENWW
513,8346285,15669869,SWHENWW
514,8346285,15669764,SWHENWW
515,8346285,15669878,SWHENWW
516,8092443,15669869,SWOZSCZ
517,8092443,15669777,SWOZSCZ
518,8092443,15669760,SWOZSCZ
519,8092443,15669764,SWOZSCZ
520,8092443,15669818,SWOZSCZ
521,8152823,15669767,SWEONLR
522,8152823,15669878,SWEONLR
523,8152823,15669760,SWEONLR
524,8152823,15669775,SWEONLR
525,8152823,15669776,SWEONLR
526,7345164,15668416,SWCENNH
527,7345164,15668688,SWCENNH
528,7345164,15668465,SWCENNH
529,7345164,15668379,SWCENNH
530,7345164,15669878,SWCENNH
531,8080057,15668460,SSCLSCL
532,8080057,15668467,SSCLSCL
533,8080057,15668688,SSCLSCL
534,8080057,15668378,SSCLSCL
535,8080057,15668458,SSCLSCL
536,7421133,15670260,SWEHORE
537,7421133,15670157,SWEHORE
538,7421133,15668478,SWEHORE
539,7421133,15670241,SWEHORE
540,7421133,15670251,SWEHORE
541,8124069,15668381,SSONROH
542,8124069,15668460,SSONROH
543,8124069,15668469,SSONROH
544,8124069,15668458,SSONROH
545,8124069,15668462,SSONROH
546,8209386,15670269,SSCRSZS
547,8209386,15669988,SSCRSZS
548,8209386,15669817,SSCRSZS
549,8209386,15669872,SSCRSZS
550,8209386,15669832,SSCRSZS
551,8112726,15669869,SWREHOR
552,8112726,15669777,SWREHOR
553,8112726,15669760,SWREHOR
554,8112726,15669878,SWREHOR
555,8112726,15669764,SWREHOR
556,7764086,15669869,SWLEWSE
557,7764086,15669878,SWLEWSE
558,7764086,15669777,SWLEWSE
559,7764086,15669818,SWLEWSE
560,7764086,15669880,SWLEWSE
561,7785531,15668416,SWOCLHE
562,7785531,15669869,SWOCLHE
563,7785531,15668460,SWOCLHE
564,7785531,15668377,SWOCLHE
565,7785531,15668467,SWOCLHE
566,7724198,15668379,SSZZZOE
567,7724198,15668478,SSZZZOE
568,7724198,15668462,SSZZZOE
569,7724198,15669780,SSZZZOE
570,7724198,15668460,SSZZZOE
571,8139620,15668460,SWCHOEW
572,8139620,15669869,SWCHOEW
573,8139620,15668378,SWCHOEW
574,8139620,15668467,SWCHOEW
575,8139620,15669866,SWCHOEW
576,8088038,15669780,SWLNZNC
577,8088038,15669878,SWLNZNC
578,8088038,15669760,SWLNZNC
579,8088038,15669835,SWLNZNC
580,8088038,15669861,SWLNZNC
581,8087273,15668458,SSCRSWO
582,8087273,15668460,SSCRSWO
583,8087273,15668379,SSCRSWO
584,8087273,15668381,SSCRSWO
585,8087273,15668462,SSCRSWO
586,8213907,15669878,SSNZRZN
587,8213907,15669799,SSNZRZN
588,8213907,15669860,SSNZRZN
589,8213907,15669771,SSNZRZN
590,8213907,15669863,SSNZRZN
591,8078727,15668465,SSHOZRZ
592,8078727,15668460,SSHOZRZ
593,8078727,15668378,SSHOZRZ
594,8078727,15668462,SSHOZRZ
595,8078727,15668688,SSHOZRZ
596,8356240,15668460,SWHNLCN
597,8356240,15668378,SWHNLCN
598,8356240,15668381,SWHNLCN
599,8356240,15668462,SWHNLCN
600,8356240,15669872,SWHNLCN
601,7654205,15669878,SWRHNWW
602,7654205,15669863,SWRHNWW
603,7654205,15669880,SWRHNWW
604,7654205,15669857,SWRHNWW
605,7654205,15669832,SWRHNWW
606,8150875,15669832,SWOSOHE
607,8150875,15669776,SWOSOHE
608,8150875,15669880,SWOSOHE
609,8150875,15669872,SWOSOHE
610,8150875,15669780,SWOSOHE
611,8127465,15668460,SSEWSRE
612,8127465,15668416,SSEWSRE
613,8127465,15668378,SSEWSRE
614,8127465,15668688,SSEWSRE
615,8127465,15668467,SSEWSRE
616,7821280,15669878,SWLLZCE
617,7821280,15669863,SWLLZCE
618,7821280,15669772,SWLLZCE
619,7821280,15669860,SWLLZCE
620,7821280,15669764,SWLLZCE
621,7717595,15669864,SWLZNHZ
622,7717595,15669878,SWLZNHZ
623,7717595,15668462,SWLZNHZ
624,7717595,15669778,SWLZNHZ
625,7717595,15668381,SWLZNHZ
626,8106238,15668460,SSWOOZW
627,8106238,15668379,SSWOOZW
628,8106238,15668381,SSWOOZW
629,8106238,15668462,SSWOOZW
630,8106238,15668468,SSWOOZW
631,8342609,15668478,SWLCOHC
632,8342609,15668688,SWLCOHC
633,8342609,15668465,SWLCOHC
634,8342609,15668379,SWLCOHC
635,8342609,15668460,SWLCOHC
636,7633637,15668381,SWERHHR
637,7633637,15668378,SWERHHR
638,7633637,15668460,SWERHHR
639,7633637,15668469,SWERHHR
640,7633637,15668687,SWERHHR
641,8083038,15669860,SSCWNSN
642,8083038,15669859,SSCWNSN
643,8083038,15668478,SSCWNSN
644,8083038,15669863,SSCWNSN
645,8083038,15669780,SSCWNSN
646,7608368,15668467,SWRCSSC
647,7608368,15668378,SWRCSSC
648,7608368,15668457,SWRCSSC
649,7608368,15668459,SWRCSSC
650,7608368,15668688,SWRCSSC
651,8081573,15668465,SWORNSW
652,8081573,15668460,SWORNSW
653,8081573,15668688,SWORNSW
654,8081573,15668378,SWORNSW
655,8081573,15668451,SWORNSW
656,8172842,15669861,SWLERES
657,8172842,15669864,SWLERES
658,8172842,15669878,SWLERES
659,8172842,15668379,SWLERES
660,8172842,15669780,SWLERES
661,7809643,15668381,SWLHWZE
662,7809643,15668467,SWLHWZE
663,7809643,15668688,SWLHWZE
664,7809643,15668465,SWLHWZE
665,7809643,15668379,SWLHWZE
666,8276533,15669863,SWHELSW
667,8276533,15669824,SWHELSW
668,8276533,15668468,SWHELSW
669,8276533,15668688,SWHELSW
670,8276533,15669874,SWHELSW
671,8220172,15668478,SSLOZSC
672,8220172,15669780,SSLOZSC
673,8220172,15668467,SSLOZSC
674,8220172,15668465,SSLOZSC
675,8220172,15669764,SSLOZSC
676,8075344,15668416,SWOSZOL
677,8075344,15668467,SWOSZOL
678,8075344,15668688,SWOSZOL
679,8075344,15668465,SWOSZOL
680,8075344,15668381,SWOSZOL
681,8106290,15668460,SWLCEZW
682,8106290,15668381,SWLCEZW
683,8106290,15668688,SWLCEZW
684,8106290,15668416,SWLCEZW
685,8106290,15669778,SWLCEZW
686,7862618,15668462,SWNNNES
687,7862618,15669878,SWNNNES
688,7862618,15668378,SWNNNES
689,7862618,15668379,SWNNNES
690,7862618,15669780,SWNNNES
691,8256944,15668465,SSSZCHS
692,8256944,15669856,SSSZCHS
693,8256944,15669878,SSSZCHS
694,8256944,15669863,SSSZCHS
695,8256944,15668467,SSSZCHS
696,8133880,15668460,SSLWESO
697,8133880,15668688,SSLWESO
698,8133880,15668478,SSLWESO
699,8133880,15668465,SSLWESO
700,8133880,15668381,SSLWESO
701,8200309,15669878,SWOORON
702,8200309,15669864,SWOORON
703,8200309,15669856,SWOORON
704,8200309,15669880,SWOORON
705,8200309,15669764,SWOORON
706,7604413,15668465,SWNOLEE
707,7604413,15669878,SWNOLEE
708,7604413,15668688,SWNOLEE
709,7604413,15669778,SWNOLEE
710,7604413,15669780,SWNOLEE
711,8120853,15670260,SSLSNCH
712,8120853,15668381,SSLSNCH
713,8120853,15668478,SSLSNCH
714,8120853,15668465,SSLSNCH
715,8120853,15670251,SSLSNCH
716,8064356,15668478,SWHERHH
717,8064356,15668381,SWHERHH
718,8064356,15668688,SWHERHH
719,8064356,15668465,SWHERHH
720,8064356,15668685,SWHERHH
721,7515099,15668460,SWHLSNW
722,7515099,15668462,SWHLSNW
723,7515099,15668381,SWHLSNW
724,7515099,15668379,SWHLSNW
725,7515099,15668458,SWHLSNW
726,7819500,15669777,SWLLLCW
727,7819500,15669878,SWLLLCW
728,7819500,15669869,SWLLLCW
729,7819500,15669772,SWLLLCW
730,7819500,15669832,SWLLLCW
731,8080596,15668381,SSNLZHH
732,8080596,15668379,SSNLZHH
733,8080596,15668460,SSNLZHH
734,8080596,15668688,SSNLZHH
735,8080596,15668465,SSNLZHH
736,8086954,15668458,SSOEZWZ
737,8086954,15668460,SSOEZWZ
738,8086954,15668381,SSOEZWZ
739,8086954,15668469,SSOEZWZ
740,8086954,15670269,SSOEZWZ
741,8156893,15668685,SSZZLOE
742,8156893,15668379,SSZZLOE
743,8156893,15668381,SSZZLOE
744,8156893,15668460,SSZZLOE
745,8156893,15668468,SSZZLOE
746,8129915,15668465,SWEORLR
747,8129915,15668478,SWEORLR
748,8129915,15668460,SWEORLR
749,8129915,15668688,SWEORLR
750,8129915,15668468,SWEORLR
751,7503858,15668381,SWLRZNL
752,7503858,15668460,SWLRZNL
753,7503858,15668379,SWLRZNL
754,7503858,15668467,SWLRZNL
755,7503858,15668462,SWLRZNL
756,8145266,15669776,SWNRHWZ
757,8145266,15669775,SWNRHWZ
758,8145266,15669872,SWNRHWZ
759,8145266,15669767,SWNRHWZ
760,8145266,15669861,SWNRHWZ
761,7584632,15669864,SWLNECZ
762,7584632,15669859,SWLNECZ
763,7584632,15669860,SWLNECZ
764,7584632,15669863,SWLNECZ
765,7584632,15669887,SWLNECZ
766,8069362,15668460,SSRENSZ
767,8069362,15668688,SSRENSZ
768,8069362,15668478,SSRENSZ
769,8069362,15668465,SSRENSZ
770,8069362,15668381,SSRENSZ
771,8083081,15670157,SSNCWZO
772,8083081,15670251,SSNCWZO
773,8083081,15670250,SSNCWZO
774,8083081,15668478,SSNCWZO
775,8083081,15670241,SSNCWZO
776,7806900,15669780,SWLWCSW
777,7806900,15669863,SWLWCSW
778,7806900,15669861,SWLWCSW
779,7806900,15669878,SWLWCSW
780,7806900,7580823,SWLWCSW
781,7587814,15668460,SWCSEHL
782,7587814,15668465,SWCSEHL
783,7587814,15668451,SWCSEHL
784,7587814,15668458,SWCSEHL
785,7587814,15668467,SWCSEHL
786,8328427,15669860,SWLWNSW
787,8328427,15669778,SWLWNSW
788,8328427,15669764,SWLWNSW
789,8328427,15669772,SWLWNSW
790,8328427,15669780,SWLWNSW
791,8194178,15668381,SWOOLLE
792,8194178,15668378,SWOOLLE
793,8194178,15668465,SWOOLLE
794,8194178,15668462,SWOOLLE
795,8194178,15668451,SWOOLLE
796,7824172,15669878,SWLROCE
797,7824172,15669856,SWLROCE
798,7824172,15669778,SWLROCE
799,7824172,15668462,SWLROCE
800,7824172,15668465,SWLROCE
801,8181093,15668381,SSRHSRW
802,8181093,15668460,SSRHSRW
803,8181093,15668685,SSRHSRW
804,8181093,15668468,SSRHSRW
805,8181093,15668379,SSRHSRW
806,8070264,15668460,SSRWCWC
807,8070264,15668381,SSRWCWC
808,8070264,15668468,SSRWCWC
809,8070264,15668378,SSRWCWC
810,8070264,15668462,SSRWCWC
811,8289409,15668416,SSZLLCR
812,8289409,15668688,SSZLLCR
813,8289409,15668467,SSZLLCR
814,8289409,15668378,SSZLLCR
815,8289409,15668460,SSZLLCR
816,7793755,15668688,SWLWCLW
817,7793755,15668467,SWLWCLW
818,7793755,15668457,SWLWCLW
819,7793755,15668474,SWLWCLW
820,7793755,15668378,SWLWCLW
821,8122344,15668467,SSLWHRH
822,8122344,15668688,SSLWHRH
823,8122344,15668460,SSLWHRH
824,8122344,15668465,SSLWHRH
825,8122344,15668462,SSLWHRH
826,7476772,15669780,SWCZZNN
827,7476772,15668379,SWCZZNN
828,7476772,15669878,SWCZZNN
829,7476772,15669864,SWCZZNN
830,7476772,15670269,SWCZZNN
831,8074536,15669869,SSEOLNO
832,8074536,15668462,SSEOLNO
833,8074536,21409004,SSEOLNO
834,8074536,15669864,SSEOLNO
835,8074536,15669880,SSEOLNO
836,7734225,15669780,SWNSWNZ
837,7734225,15669863,SWNSWNZ
838,7734225,15669880,SWNSWNZ
839,7734225,15669884,SWNSWNZ
840,7734225,15669760,SWNSWNZ
841,7783825,15668465,SWNSRNC
842,7783825,15668379,SWNSRNC
843,7783825,15668467,SWNSRNC
844,7783825,15668462,SWNSRNC
845,7783825,15668688,SWNSRNC
846,8089133,7580802,SWONORL
847,8089133,15668381,SWONORL
848,8089133,15669878,SWONORL
849,8089133,15668478,SWONORL
850,8089133,15669880,SWONORL
851,7719372,15669872,SWLNNNE
852,7719372,15669857,SWLNNNE
853,7719372,15669775,SWLNNNE
854,7719372,15669814,SWLNNNE
855,7719372,15669776,SWLNNNE
856,7406145,15669832,SWLSWLN
857,7406145,15669777,SWLSWLN
858,7406145,15669878,SWLSWLN
859,7406145,15669760,SWLSWLN
860,7406145,15669869,SWLSWLN
861,7526450,15668379,SWNLZNW
862,7526450,15668462,SWNLZNW
863,7526450,15668468,SWNLZNW
864,7526450,15668460,SWNLZNW
865,7526450,15668381,SWNLZNW
866,8170027,15668378,SWERWCW
867,8170027,15668465,SWERWCW
868,8170027,15668462,SWERWCW
869,8170027,15668467,SWERWCW
870,8170027,15668688,SWERWCW
871,7653432,15669780,SWNWCOL
872,7653432,15668462,SWNWCOL
873,7653432,15669878,SWNWCOL
874,7653432,15668465,SWNWCOL
875,7653432,15668478,SWNWCOL
876,7782046,15668478,SWNHZEE
877,7782046,15670157,SWNHZEE
878,7782046,15670251,SWNHZEE
879,7782046,15670250,SWNHZEE
880,7782046,15668474,SWNHZEE
881,8193965,15670267,SWLWNLC
882,8193965,15669872,SWLWNLC
883,8193965,15669881,SWLWNLC
884,8193965,15669821,SWLWNLC
885,8193965,15669860,SWLWNLC
886,8355249,15668688,SSNENRR
887,8355249,15668685,SSNENRR
888,8355249,15668478,SSNENRR
889,8355249,15668381,SSNENRR
890,8355249,15669858,SSNENRR
891,8120435,15669767,SWHRZSW
892,8120435,15669878,SWHRZSW
893,8120435,15669856,SWHRZSW
894,8120435,15669780,SWHRZSW
895,8120435,15669821,SWHRZSW
896,8183211,15668460,SSCNLEC
897,8183211,15668381,SSCNLEC
898,8183211,15668378,SSCNLEC
899,8183211,15668469,SSCNLEC
900,8183211,15668458,SSCNLEC
901,7760313,15668379,SWNHHOR
902,7760313,15668381,SWNHHOR
903,7760313,15669778,SWNHHOR
904,7760313,15669878,SWNHHOR
905,7760313,15669764,SWNHHOR
906,7749985,15669864,SWLRHSR
907,7749985,15669869,SWLRHSR
908,7749985,15669778,SWLRHSR
909,7749985,15669772,SWLRHSR
910,7749985,15669878,SWLRHSR
911,8182610,15669790,SSERNHC
912,8182610,15669777,SSERNHC
913,8182610,15669814,SSERNHC
914,8182610,15669857,SSERNHC
915,8182610,15669880,SSERNHC
916,8133653,15668460,SSERELN
917,8133653,15668381,SSERELN
918,8133653,15668478,SSERELN
919,8133653,15668468,SSERELN
920,8133653,15668378,SSERELN
921,8095702,15669780,SWRLOEC
922,8095702,15669760,SWRLOEC
923,8095702,15669777,SWRLOEC
924,8095702,15669863,SWRLOEC
925,8095702,15669857,SWRLOEC
926,8270508,15669880,SWOCEOZ
927,8270508,15669818,SWOCEOZ
928,8270508,15669878,SWOCEOZ
929,8270508,15669869,SWOCEOZ
930,8270508,7580823,SWOCEOZ
931,7362980,15668379,SWEOLLO
932,7362980,15668478,SWEOLLO
933,7362980,15669878,SWEOLLO
934,7362980,15669864,SWEOLLO
935,7362980,15668465,SWEOLLO
936,7487417,15669863,SWNWHRL
937,7487417,15669872,SWNWHRL
938,7487417,15669860,SWNWHRL
939,7487417,15669780,SWNWHRL
940,7487417,15669760,SWNWHRL
941,7341985,15669878,SWCCWNZ
942,7341985,15669780,SWCCWNZ
943,7341985,15669863,SWCCWNZ
944,7341985,15669860,SWCCWNZ
945,7341985,15668685,SWCCWNZ
946,8380659,15669869,SWENOEW
947,8380659,15668688,SWENOEW
948,8380659,15668378,SWENOEW
949,8380659,15668468,SWENOEW
950,8380659,15669764,SWENOEW
951,8096457,15670157,SWEOOLR
952,8096457,15668688,SWEOOLR
953,8096457,15670250,SWEOOLR
954,8096457,15668416,SWEOOLR
955,8096457,15668378,SWEOOLR
956,8083357,15668379,SSSHLNW
957,8083357,15670157,SSSHLNW
958,8083357,15668688,SSSHLNW
959,8083357,15670251,SSSHLNW
960,8083357,15668462,SSSHLNW
961,8120360,15668451,SSHEECO
962,8120360,15668379,SSHEECO
963,8120360,15668460,SSHEECO
964,8120360,15668467,SSHEECO
965,8120360,15669856,SSHEECO
966,8289766,15670269,SSLZROS
967,8289766,15668460,SSLZROS
968,8289766,15668458,SSLZROS
969,8289766,15668381,SSLZROS
970,8289766,15668379,SSLZROS
971,8344961,15669780,SSRZOES
972,8344961,15668688,SSRZOES
973,8344961,15668465,SSRZOES
974,8344961,15668451,SSRZOES
975,8344961,15668416,SSRZOES
976,7757206,15668465,SWOCOOS
977,7757206,15669878,SWOCOOS
978,7757206,15668379,SWOCOOS
979,7757206,15668688,SWOCOOS
980,7757206,15668462,SWOCOOS
981,8338252,15668468,SSZSNZN
982,8338252,15669878,SSZSNZN
983,8338252,15669856,SSZSNZN
984,8338252,15668451,SSZSNZN
985,8338252,15669824,SSZSNZN
986,8141498,15669814,SWLRHRL
987,8141498,15669857,SWLRHRL
988,8141498,15669760,SWLRHRL
989,8141498,15669880,SWLRHRL
990,8141498,15669863,SWLRHRL
991,8177589,15668478,SSOSHZS
992,8177589,15669861,SSOSHZS
993,8177589,15668465,SSOSHZS
994,8177589,15669780,SSOSHZS
995,8177589,15668375,SSOSHZS
996,8153266,15668378,SSZLEOL
997,8153266,15668468,SSZLEOL
998,8153266,15668377,SSZLEOL
999,8153266,15669861,SSZLEOL
1000,8153266,15668379,SSZLEOL
1001,8265380,15669760,SSRWONW
1002,8265380,15669856,SSRWONW
1003,8265380,15669878,SSRWONW
1004,8265380,15670267,SSRWONW
1005,8265380,7627860,SSRWONW
1006,7525683,15670251,SWOCNOH
1007,7525683,15668379,SWOCNOH
1008,7525683,15668465,SWOCNOH
1009,7525683,15668689,SWOCNOH
1010,7525683,15668478,SWOCNOH
1011,8108886,15669832,SWLHONH
1012,8108886,15669870,SWLHONH
1013,8108886,15669872,SWLHONH
1014,8108886,15669775,SWLHONH
1015,8108886,15669814,SWLHONH
1016,7431323,15668460,SWOECRH
1017,7431323,15668468,SWOECRH
1018,7431323,15670251,SWOECRH
1019,7431323,15668685,SWOECRH
1020,7431323,15668381,SWOECRH
1021,8353022,15668478,SSZWROC
1022,8353022,15668379,SSZWROC
1023,8353022,15668688,SSZWROC
1024,8353022,15668465,SSZWROC
1025,8353022,15668468,SSZWROC
1026,7783137,15669856,SWOERZO
1027,7783137,15669878,SWOERZO
1028,7783137,15669861,SWOERZO
1029,7783137,15669884,SWOERZO
1030,7783137,15669772,SWOERZO
1031,8131353,15669856,SWEZZLR
1032,8131353,15669863,SWEZZLR
1033,8131353,15669790,SWEZZLR
1034,8131353,15669760,SWEZZLR
1035,8131353,15669821,SWEZZLR
1036,8356860,15669856,SWOSECL
1037,8356860,15669878,SWOSECL
1038,8356860,15669861,SWOSECL
1039,8356860,15669821,SWOSECL
1040,8356860,15669773,SWOSECL
1041,8131815,15669856,SSSWORL
1042,8131815,15668688,SSSWORL
1043,8131815,15669880,SSSWORL
1044,8131815,15669764,SSSWORL
1045,8131815,15669780,SSSWORL
1046,8110925,15669863,SSSREHN
1047,8110925,15669780,SSSREHN
1048,8110925,15669767,SSSREHN
1049,8110925,15669878,SSSREHN
1050,8110925,7689353,SSSREHN
1051,8099217,15668458,SSRLORR
1052,8099217,15668465,SSRLORR
1053,8099217,15668379,SSRLORR
1054,8099217,15669780,SSRLORR
1055,8099217,15668462,SSRLORR
1056,7517755,15668688,SSZEWNZ
1057,7517755,15668379,SSZEWNZ
1058,7517755,15670157,SSZEWNZ
1059,7517755,15668478,SSZEWNZ
1060,7517755,15670251,SSZEWNZ
1061,8182845,15670251,SWHOOOO
1062,8182845,15670157,SWHOOOO
1063,8182845,15670260,SWHOOOO
1064,8182845,15668465,SWHOOOO
1065,8182845,15668478,SWHOOOO
1066,8077922,15669832,SWNNRHE
1067,8077922,7624792,SWNNRHE
1068,8077922,15669870,SWNNRHE
1069,8077922,15669857,SWNNRHE
1070,8077922,15669771,SWNNRHE
1071,7682148,15668468,SWEEWEL
1072,7682148,15668381,SWEEWEL
1073,7682148,15670251,SWEEWEL
1074,7682148,15668379,SWEEWEL
1075,7682148,15668460,SWEEWEL
1076,8374672,15669864,SWNZWNZ
1077,8374672,15669859,SWNZWNZ
1078,8374672,15669860,SWNZWNZ
1079,8374672,15669856,SWNZWNZ
1080,8374672,15669863,SWNZWNZ
1081,8065270,15669767,SSRNLNN
1082,8065270,15669775,SSRNLNN
1083,8065270,15669776,SSRNLNN
1084,8065270,15669872,SSRNLNN
1085,8065270,15669870,SSRNLNN
1086,8153963,15668381,SWEWCER
1087,8153963,15668460,SWEWCER
1088,8153963,15668467,SWEWCER
1089,8153963,15668462,SWEWCER
1090,8153963,15668688,SWEWCER
1091,8226177,15668460,SWHONHS
1092,8226177,15668462,SWHONHS
1093,8226177,15668381,SWHONHS
1094,8226177,15668379,SWHONHS
1095,8226177,15668458,SWHONHS
1096,8075477,15668478,SSZLCSE
1097,8075477,15669804,SSZLCSE
1098,8075477,15669799,SSZLCSE
1099,8075477,7580802,SSZLCSE
1100,8075477,15669861,SSZLCSE
1101,8115812,15668688,SSCZOHR
1102,8115812,15668381,SSCZOHR
1103,8115812,15668478,SSCZOHR
1104,8115812,15668465,SSCZOHR
1105,8115812,15669772,SSCZOHR
1106,8096811,15668462,SSLZLCS
1107,8096811,15668684,SSLZLCS
1108,8096811,15669872,SSLZLCS
1109,8096811,15668380,SSLZLCS
1110,8096811,15668467,SSLZLCS
1111,8254821,15668688,SWNHEEW
1112,8254821,15668381,SWNHEEW
1113,8254821,15668416,SWNHEEW
1114,8254821,15669878,SWNHEEW
1115,8254821,15668467,SWNHEEW
1116,8079383,15668460,SWNEHEC
1117,8079383,15668462,SWNEHEC
1118,8079383,15668467,SWNEHEC
1119,8079383,15668378,SWNEHEC
1120,8079383,15668381,SWNEHEC
1121,8075370,15668379,SWEWWZL
1122,8075370,15668381,SWEWWZL
1123,8075370,15668465,SWEWWZL
1124,8075370,15670251,SWEWWZL
1125,8075370,15670260,SWEWWZL
1126,8141684,15668688,SSNCONE
1127,8141684,15668460,SSNCONE
1128,8141684,15668381,SSNCONE
1129,8141684,15668468,SSNCONE
1130,8141684,15668478,SSNCONE
1131,7486173,15668378,SSZLZRN
1132,7486173,15668460,SSZLZRN
1133,7486173,15668467,SSZLZRN
1134,7486173,15668688,SSZLZRN
1135,7486173,15668381,SSZLZRN
1136,8099849,15668688,SSCEWZO
1137,8099849,15668381,SSCEWZO
1138,8099849,15668467,SSCEWZO
1139,8099849,15668378,SSCEWZO
1140,8099849,15668379,SSCEWZO
1141,8089178,15669872,SWCNZWC
1142,8089178,15669776,SWCNZWC
1143,8089178,15669814,SWCNZWC
1144,8089178,15669857,SWCNZWC
1145,8089178,15669832,SWCNZWC
1146,7618684,15670260,SWOCCHL
1147,7618684,15670251,SWOCCHL
1148,7618684,15668449,SWOCCHL
1149,7618684,15668465,SWOCCHL
1150,7618684,15670157,SWOCCHL
1151,7592127,15668478,SWEENCL
1152,7592127,15668460,SWEENCL
1153,7592127,15668381,SWEENCL
1154,7592127,7621686,SWEENCL
1155,7592127,15669762,SWEENCL
1156,8283042,15669864,SWRHLLZ
1157,8283042,15669860,SWRHLLZ
1158,8283042,15669764,SWRHLLZ
1159,8283042,15669772,SWRHLLZ
1160,8283042,15669869,SWRHLLZ
1161,8099163,15668378,SSRCCNE
1162,8099163,15668465,SSRCCNE
1163,8099163,15668460,SSRCCNE
1164,8099163,15668594,SSRCCNE
1165,8099163,15668494,SSRCCNE
1166,7602550,15668478,SWOSEOE
1167,7602550,15668462,SWOSEOE
1168,7602550,15670260,SWOSEOE
1169,7602550,15670163,SWOSEOE
1170,7602550,15670251,SWOSEOE
1171,8268678,15669863,SSWNEHR
1172,8268678,15669878,SSWNEHR
1173,8268678,15669771,SSWNEHR
1174,8268678,15669832,SSWNEHR
1175,8268678,15669870,SSWNEHR
1176,8228587,15669861,SSNCZRL
1177,8228587,15669856,SSNCZRL
1178,8228587,15668688,SSNCZRL
1179,8228587,15669878,SSNCZRL
1180,8228587,15668465,SSNCZRL
1181,7559542,15668685,SWHEWCO
1182,7559542,15668381,SWHEWCO
1183,7559542,15668460,SWHEWCO
1184,7559542,15668458,SWHEWCO
1185,7559542,15668379,SWHEWCO
1186,7686461,15669878,SWLOHSN
1187,7686461,15669863,SWLOHSN
1188,7686461,15669860,SWLOHSN
1189,7686461,15669789,SWLOHSN
1190,7686461,15669780,SWLOHSN
1191,8124751,15668460,SSNLSZE
1192,8124751,15668381,SSNLSZE
1193,8124751,15668378,SSNLSZE
1194,8124751,15668468,SSNLSZE
1195,8124751,15668467,SSNLSZE
1196,7771245,15668460,SWNEWHL
1197,7771245,15668379,SWNEWHL
1198,7771245,15668462,SWNEWHL
1199,7771245,15668381,SWNEWHL
1200,7771245,15668685,SWNEWHL
1201,7544462,15668460,SWCRRCE
1202,7544462,15668462,SWCRRCE
1203,7544462,15668378,SWCRRCE
1204,7544462,15668381,SWCRRCE
1205,7544462,15669780,SWCRRCE
1206,8249884,15669869,SWLOHSW
1207,8249884,15669778,SWLOHSW
1208,8249884,15669760,SWLOHSW
1209,8249884,15669864,SWLOHSW
1210,8249884,15669762,SWLOHSW
1211,8091771,15668381,SSCRENS
1212,8091771,15668460,SSCRENS
1213,8091771,15668379,SSCRENS
1214,8091771,15668478,SSCRENS
1215,8091771,15668467,SSCRENS
1216,8352895,15669777,SSRSRSO
1217,8352895,15669869,SSRSRSO
1218,8352895,15669832,SSRSRSO
1219,8352895,15669764,SSRSRSO
1220,8352895,15669878,SSRSRSO
1221,7808939,15668462,SWNHESZ
1222,7808939,15669764,SWNHESZ
1223,7808939,15668459,SWNHESZ
1224,7808939,15668378,SWNHESZ
1225,7808939,15668468,SWNHESZ
1226,7480050,15668378,SWLSLOE
1227,7480050,15668467,SWLSLOE
1228,7480050,15668688,SWLSLOE
1229,7480050,15668460,SWLSLOE
1230,7480050,15668381,SWLSLOE
1231,8209695,15669878,SWOESOR
1232,8209695,15669777,SWOESOR
1233,8209695,15669832,SWOESOR
1234,8209695,15669869,SWOESOR
1235,8209695,15669772,SWOESOR
1236,7762269,15668478,SWLLWNL
1237,7762269,15668462,SWLLWNL
1238,7762269,15668468,SWLLWNL
1239,7762269,15668474,SWLLWNL
1240,7762269,15668379,SWLLWNL
1241,8113176,15668468,SSWSCEN
1242,8113176,15668381,SSWSCEN
1243,8113176,15668478,SSWSCEN
1244,8113176,15668465,SSWSCEN
1245,8113176,15669771,SSWSCEN
1246,8109885,15669832,SWCHLSS
1247,8109885,15669817,SWCHLSS
1248,8109885,15669863,SWCHLSS
1249,8109885,15669872,SWCHLSS
1250,8109885,15669767,SWCHLSS
1251,8336250,15668688,SSOCCZS
1252,8336250,15668381,SSOCCZS
1253,8336250,15668467,SSOCCZS
1254,8336250,15669777,SSOCCZS
1255,8336250,15669872,SSOCCZS
1256,7611197,7587673,SWOLLLE
1257,7611197,7587677,SWOLLLE
1258,7611197,7587669,SWOLLLE
1259,7611197,15669872,SWOLLLE
1260,7611197,7587687,SWOLLLE
1261,8075791,15669864,SWEHZZZ
1262,8075791,15669778,SWEHZZZ
1263,8075791,15669832,SWEHZZZ
1264,8075791,15669764,SWEHZZZ
1265,8075791,15669772,SWEHZZZ
1266,7801245,15669878,SWLOCLW
1267,7801245,15669861,SWLOCLW
1268,7801245,15669856,SWLOCLW
1269,7801245,15668478,SWLOCLW
1270,7801245,15669772,SWLOCLW
1271,8232216,15669767,SSSLEZO
1272,8232216,15669776,SSSLEZO
1273,8232216,15669775,SSSLEZO
1274,8232216,15669821,SSSLEZO
1275,8232216,15669870,SSSLEZO
1276,8274447,15668460,SWNNSSH
1277,8274447,15668688,SWNNSSH
1278,8274447,15668467,SWNNSSH
1279,8274447,15668378,SWNNSSH
1280,8274447,15668478,SWNNSSH
1281,7410387,15668478,SWOWNNR
1282,7410387,15668379,SWOWNNR
1283,7410387,15668688,SWOWNNR
1284,7410387,15668465,SWOWNNR
1285,7410387,15668467,SWOWNNR
1286,8228490,15668688,SWOWELS
1287,8228490,15668379,SWOWELS
1288,8228490,15668468,SWOWELS
1289,8228490,15668457,SWOWELS
1290,8228490,15669777,SWOWELS
1291,7402891,15669864,SWOLLEN
1292,7402891,15668379,SWOLLEN
1293,7402891,15668457,SWOLLEN
1294,7402891,15669863,SWOLLEN
1295,7402891,15668478,SWOLLEN
1296,7482551,15669780,SWHWNWL
1297,7482551,15669860,SWHWNWL
1298,7482551,15669878,SWHWNWL
1299,7482551,15669863,SWHWNWL
1300,7482551,15669760,SWHWNWL
1301,8120485,15668478,SWHSWOW
1302,8120485,15668379,SWHSWOW
1303,8120485,15668465,SWHSWOW
1304,8120485,15668688,SWHSWOW
1305,8120485,15668689,SWHSWOW
1306,7820348,15668381,SWLONLL
1307,7820348,15668379,SWLONLL
1308,7820348,15668460,SWLONLL
1309,7820348,15668462,SWLONLL
1310,7820348,15668467,SWLONLL
1311,8089497,15668460,SWHOECO
1312,8089497,15668379,SWHOECO
1313,8089497,15668381,SWHOECO
1314,8089497,15668462,SWHOECO
1315,8089497,15669861,SWHOECO
1316,8101260,15668460,SSNORLN
1317,8101260,15668381,SSNORLN
1318,8101260,15668684,SSNORLN
1319,8101260,15668469,SSNORLN
1320,8101260,15668467,SSNORLN
1321,8071210,15669864,SWNORRH
1322,8071210,15669878,SWNORRH
1323,8071210,15669860,SWNORRH
1324,8071210,15669764,SWNORRH
1325,8071210,15668379,SWNORRH
1326,8330753,15669832,SWLLWOS
1327,8330753,15670251,SWLLWOS
1328,8330753,15669878,SWLLWOS
1329,8330753,7624792,SWLLWOS
1330,8330753,15669857,SWLLWOS
1331,7348817,15668378,SSSELNE
1332,7348817,15668381,SSSELNE
1333,7348817,15668465,SSSELNE
1334,7348817,15668462,SSSELNE
1335,7348817,15668460,SSSELNE
1336,7607068,15669860,SWOSCER
1337,7607068,15669772,SWOSCER
1338,7607068,15669878,SWOSCER
1339,7607068,15669856,SWOSCER
1340,7607068,7580823,SWOSCER
1341,7699855,15668462,SWOHOZR
1342,7699855,15668381,SWOHOZR
1343,7699855,15668378,SWOHOZR
1344,7699855,15668460,SWOHOZR
1345,7699855,15668687,SWOHOZR
1346,8336683,15668478,SWNCNOL
1347,8336683,15668379,SWNCNOL
1348,8336683,15668465,SWNCNOL
1349,8336683,15668688,SWNCNOL
1350,8336683,15668467,SWNCNOL
1351,7435518,15668379,SSLSZZE
1352,7435518,15670241,SSLSZZE
1353,7435518,15668688,SSLSZZE
1354,7435518,15670250,SSLSZZE
1355,7435518,15670251,SSLSZZE
1356,7753069,15669780,SWLEOSS
1357,7753069,15668416,SWLEOSS
1358,7753069,15669835,SWLEOSS
1359,7753069,15669878,SWLEOSS
1360,7753069,15669861,SWLEOSS
1361,7728660,15668468,SWOZOSC
1362,7728660,15668452,SWOZOSC
1363,7728660,15668379,SWOZOSC
1364,7728660,15668462,SWOZOSC
1365,7728660,15668460,SWOZOSC
1366,7757462,15670251,SWRLWHS
1367,7757462,15670250,SWRLWHS
1368,7757462,15670252,SWRLWHS
1369,7757462,15670260,SWRLWHS
1370,7757462,15670246,SWRLWHS
1371,8106023,15668468,SSLOEEO
1372,8106023,15668381,SSLOEEO
1373,8106023,15668465,SSLOEEO
1374,8106023,15670251,SSLOEEO
1375,8106023,15668379,SSLOEEO
1376,8107580,15669790,SSZNNNN
1377,8107580,15669814,SSZNNNN
1378,8107580,15669872,SSZNNNN
1379,8107580,15669777,SSZNNNN
1380,8107580,15669880,SSZNNNN
1381,8275225,15669872,SWHECOO
1382,8275225,15669832,SWHECOO
1383,8275225,15669817,SWHECOO
1384,8275225,15669776,SWHECOO
1385,8275225,15669775,SWHECOO
1386,8157592,15669814,SSZRWON
1387,8157592,15669857,SSZRWON
1388,8157592,15669870,SSZRWON
1389,8157592,15669776,SSZRWON
1390,8157592,15669872,SSZRWON
1391,7813835,15668468,SWNLOLC
1392,7813835,15668379,SWNLOLC
1393,7813835,15668465,SWNLOLC
1394,7813835,15668460,SWNLOLC
1395,7813835,15669764,SWNLOLC
1396,7497374,15668381,SSWWZLW
1397,7497374,15669772,SSWWZLW
1398,7497374,15668379,SSWWZLW
1399,7497374,15669869,SSWWZLW
1400,7497374,15669864,SSWWZLW
1401,8158290,15669777,SSWNZEC
1402,8158290,15669869,SSWNZEC
1403,8158290,15669764,SSWNZEC
1404,8158290,15669857,SSWNZEC
1405,8158290,15669760,SSWNZEC
1406,8085797,15668381,SWRCLON
1407,8085797,15668460,SWRCLON
1408,8085797,15668379,SWRCLON
1409,8085797,15668685,SWRCLON
1410,8085797,15668468,SWRCLON
1411,8150141,15669878,SWHHSNW
1412,8150141,15669780,SWHHSNW
1413,8150141,15669860,SWHHSNW
1414,8150141,15669885,SWHHSNW
1415,8150141,15669863,SWHHSNW
1416,8073939,15668688,SSOSOEC
1417,8073939,15668379,SSOSOEC
1418,8073939,15668468,SSOSOEC
1419,8073939,15668480,SSOSOEC
1420,8073939,15668467,SSOSOEC
1421,7397712,15668460,SSSZHZE
1422,7397712,15670251,SSSZHZE
1423,7397712,15668462,SSSZHZE
1424,7397712,15668378,SSSZHZE
1425,7397712,15669780,SSSZHZE
1426,8141158,15669864,SWOCCOL
1427,8141158,15669860,SWOCCOL
1428,8141158,15668379,SWOCCOL
1429,8141158,15669878,SWOCCOL
1430,8141158,15668478,SWOCCOL
1431,8128430,15669780,SWCEHCR
1432,8128430,15669857,SWCEHCR
1433,8128430,15669814,SWCEHCR
1434,8128430,15669777,SWCEHCR
1435,8128430,15669760,SWCEHCR
1436,8189678,15668468,SWHRCNL
1437,8189678,15669824,SWHRCNL
1438,8189678,15669878,SWHRCNL
1439,8189678,15668688,SWHRCNL
1440,8189678,15668451,SWHRCNL
1441,8246331,15668381,SWHLESR
1442,8246331,15668469,SWHLESR
1443,8246331,15668688,SWHLESR
1444,8246331,15668379,SWHLESR
1445,8246331,15668466,SWHLESR
1446,8132311,15669863,SSRLWLN
1447,8132311,15669878,SSRLWLN
1448,8132311,15669861,SSRLWLN
1449,8132311,15669885,SSRLWLN
1450,8132311,15669866,SSRLWLN
1451,7703517,15669832,SWNNNNE
1452,7703517,15669872,SWNNNNE
1453,7703517,15669870,SWNNNNE
1454,7703517,15669781,SWNNNNE
1455,7703517,15669857,SWNNNNE
1456,7672439,15668467,SWLLNRL
1457,7672439,15668459,SWLLNRL
1458,7672439,15668457,SWLLNRL
1459,7672439,15668381,SWLLNRL
1460,7672439,15668378,SWLLNRL
1461,7533198,15668460,SSSZWHO
1462,7533198,15668458,SSSZWHO
1463,7533198,15669866,SSSZWHO
1464,7533198,15668469,SSSZWHO
1465,7533198,15668379,SSSZWHO
1466,8273082,15668478,SSLOLSS
1467,8273082,15670157,SSLOLSS
1468,8273082,15668468,SSLOLSS
1469,8273082,15670251,SSLOLSS
1470,8273082,15668457,SSLOLSS
1471,7703098,15670157,SWRENHO
1472,7703098,15668381,SWRENHO
1473,7703098,15668467,SWRENHO
1474,7703098,15668460,SWRENHO
1475,7703098,15670251,SWRENHO
1476,7552098,15668467,SWLRCRW
1477,7552098,15668457,SWLRCRW
1478,7552098,15668378,SWLRCRW
1479,7552098,15668688,SWLRCRW
1480,7552098,15668459,SWLRCRW
1481,8104047,15669832,SWOZECO
1482,8104047,15669872,SWOZECO
1483,8104047,15669776,SWOZECO
1484,8104047,15669857,SWOZECO
1485,8104047,15669781,SWOZECO
1486,8308098,15668685,SWCECRN
1487,8308098,15668381,SWCECRN
1488,8308098,15668460,SWCECRN
1489,8308098,15668468,SWCECRN
1490,8308098,15668458,SWCECRN
1491,7637074,15668467,SWOECCE
1492,7637074,15668688,SWOECCE
1493,7637074,15668381,SWOECCE
1494,7637074,15668465,SWOECCE
1495,7637074,15668462,SWOECCE
1496,8279863,15668458,SWNRHOZ
1497,8279863,15669767,SWNRHOZ
1498,8279863,15668469,SWNRHOZ
1499,8279863,15669817,SWNRHOZ
1500,8279863,15669857,SWNRHOZ
1501,8061560,15668381,SSWLLSL
1502,8061560,15668688,SSWLLSL
1503,8061560,15668460,SSWLLSL
1504,8061560,15668469,SSWLLSL
1505,8061560,15668379,SSWLLSL
1506,8176127,15668460,SWNLWHR
1507,8176127,15668381,SWNLWHR
1508,8176127,15668378,SWNLWHR
1509,8176127,15668462,SWNLWHR
1510,8176127,15669861,SWNLWHR
1511,8143429,15669880,SWNRSWS
1512,8143429,7580823,SWNRSWS
1513,8143429,15669832,SWNRSWS
1514,8143429,15669818,SWNRSWS
1515,8143429,15669781,SWNRSWS
1516,7431803,15668465,SSSNORC
1517,7431803,15668457,SSSNORC
1518,7431803,15668381,SSSNORC
1519,7431803,15668460,SSSNORC
1520,7431803,15668462,SSSNORC
1521,7764985,15668467,SWOHWWN
1522,7764985,15668383,SWOHWWN
1523,7764985,15669878,SWOHWWN
1524,7764985,15668688,SWOHWWN
1525,7764985,15668378,SWOHWWN
1526,8061159,15668468,SWHRRNR
1527,8061159,15668381,SWHRRNR
1528,8061159,15668688,SWHRRNR
1529,8061159,15668685,SWHRRNR
1530,8061159,15669790,SWHRRNR
1531,8320908,15668458,SWHRZHH
1532,8320908,15668378,SWHRZHH
1533,8320908,15668460,SWHRZHH
1534,8320908,15668462,SWHRZHH
1535,8320908,15669864,SWHRZHH
1536,8087471,15669878,SSCRESN
1537,8087471,15669885,SSCRESN
1538,8087471,15669863,SSCRESN
1539,8087471,15669764,SSCRESN
1540,8087471,15668457,SSCRESN
1541,8122275,15668467,SSSCOCW
1542,8122275,15669866,SSSCOCW
1543,8122275,15669778,SSSCOCW
1544,8122275,15669769,SSSCOCW
1545,8122275,15668378,SSSCOCW
1546,8383377,15669878,SWNZWRC
1547,8383377,15669856,SWNZWRC
1548,8383377,15669821,SWNZWRC
1549,8383377,15669778,SWNZWRC
1550,8383377,15669861,SWNZWRC
1551,8158818,15668460,SWRLSWR
1552,8158818,15668381,SWRLSWR
1553,8158818,15668465,SWRLSWR
1554,8158818,15668688,SWRLSWR
1555,8158818,15668467,SWRLSWR
1556,7448398,15669777,SWRNCSS
1557,7448398,15669857,SWRNCSS
1558,7448398,15669869,SWRNCSS
1559,7448398,15670267,SWRNCSS
1560,7448398,15669878,SWRNCSS
1561,8108248,15670260,SSSELZZ
1562,8108248,15670252,SSSELZZ
1563,8108248,15668688,SSSELZZ
1564,8108248,15670251,SSSELZZ
1565,8108248,15668460,SSSELZZ
1566,8123487,15668460,SSLSLHL
1567,8123487,15668381,SSLSLHL
1568,8123487,15668688,SSLSLHL
1569,8123487,15669878,SSLSLHL
1570,8123487,15668379,SSLSLHL
1571,8154900,15669780,SSZSWHS
1572,8154900,15669790,SSZSWHS
1573,8154900,15669856,SSZSWHS
1574,8154900,15669878,SSZSWHS
1575,8154900,15669874,SSZSWHS
1576,8064972,15669878,SSORZCC
1577,8064972,15669856,SSORZCC
1578,8064972,15669863,SSORZCC
1579,8064972,15669835,SSORZCC
1580,8064972,15669789,SSORZCC
1581,7582160,15668378,SWLSEEZ
1582,7582160,15668462,SWLSEEZ
1583,7582160,15668467,SWLSEEZ
1584,7582160,15668465,SWLSEEZ
1585,7582160,15668457,SWLSEEZ
1586,7387995,15668688,SSRSNWR
1587,7387995,15669777,SSRSNWR
1588,7387995,15669857,SSRSNWR
1589,7387995,15668379,SSRSNWR
1590,7387995,15669869,SSRSNWR
1591,8253846,15669878,SWECOEO
1592,8253846,15669780,SWECOEO
1593,8253846,15669885,SWECOEO
1594,8253846,15669860,SWECOEO
1595,8253846,15669764,SWECOEO
1596,8061163,15669832,SWOEOHC
1597,8061163,15669857,SWOEOHC
1598,8061163,15669863,SWOEOHC
1599,8061163,15669814,SWOEOHC
1600,8061163,15669870,SWOEOHC
1601,8126177,15669872,SWLZLWS
1602,8126177,15669817,SWLZLWS
1603,8126177,15669818,SWLZLWS
1604,8126177,15669856,SWLZLWS
1605,8126177,15668453,SWLZLWS
1606,8213861,15669861,SSZCRCO
1607,8213861,15669863,SSZCRCO
1608,8213861,15669780,SSZCRCO
1609,8213861,15669884,SSZCRCO
1610,8213861,15669856,SSZCRCO
1611,7552991,15668460,SWOLZSC
1612,7552991,15670251,SWOLZSC
1613,7552991,15669856,SWOLZSC
1614,7552991,15668468,SWOLZSC
1615,7552991,15669878,SWOLZSC
1616,8279743,15668379,SWCCLHS
1617,8279743,15668460,SWCCLHS
1618,8279743,7572307,SWCCLHS
1619,8279743,7572312,SWCCLHS
1620,8279743,15668457,SWCCLHS
1621,8078249,15669767,SWNHHOE
1622,8078249,15669775,SWNHHOE
1623,8078249,15669776,SWNHHOE
1624,8078249,15669878,SWNHHOE
1625,8078249,15669870,SWNHHOE
1626,8083255,15668460,SSHHZRO
1627,8083255,15668378,SSHHZRO
1628,8083255,15668469,SSHHZRO
1629,8083255,15668458,SSHHZRO
1630,8083255,15668381,SSHHZRO
1631,7347668,15668468,SSZZLEO
1632,7347668,15668465,SSZZLEO
1633,7347668,15668379,SSZZLEO
1634,7347668,15668459,SSZZLEO
1635,7347668,15668462,SSZZLEO
1636,8287522,15669856,SSWZSSN
1637,8287522,15669878,SSWZSSN
1638,8287522,15669861,SSWZSSN
1639,8287522,15669767,SSWZSSN
1640,8287522,15669772,SSWZSSN
1641,8172528,15668478,SSZWSNR
1642,8172528,15668688,SSZWSNR
1643,8172528,15668465,SSZWSNR
1644,8172528,15668462,SSZWSNR
1645,8172528,15668460,SSZWSNR
1646,7369894,15670157,SWLRWZO
1647,7369894,15668416,SWLRWZO
1648,7369894,15670241,SWLRWZO
1649,7369894,15668478,SWLRWZO
1650,7369894,15670260,SWLRWZO
1651,8065445,15668381,SSHCESW
1652,8065445,15668378,SSHCESW
1653,8065445,15668465,SSHCESW
1654,8065445,15668449,SSHCESW
1655,8065445,15668467,SSHCESW
1656,8339302,15668478,SSZCOCE
1657,8339302,15668451,SSZCOCE
1658,8339302,15668379,SSZCOCE
1659,8339302,15668460,SSZCOCE
1660,8339302,15669880,SSZCOCE
1661,8112695,15670251,SWLNCNW
1662,8112695,15670260,SWLNCNW
1663,8112695,15668465,SWLNCNW
1664,8112695,15670157,SWLNCNW
1665,8112695,15670246,SWLNCNW
1666,8144965,15669814,SSCHNCE
1667,8144965,15669776,SSCHNCE
1668,8144965,15669872,SSCHNCE
1669,8144965,15669880,SSCHNCE
1670,8144965,15669863,SSCHNCE
1671,7626754,15668468,SWNZLOO
1672,7626754,15668379,SWNZLOO
1673,7626754,15668381,SWNZLOO
1674,7626754,15670251,SWNZLOO
1675,7626754,15668688,SWNZLOO
1676,8114869,15669780,SSRZESC
1677,8114869,15668684,SSRZESC
1678,8114869,15668379,SSRZESC
1679,8114869,15668467,SSRZESC
1680,8114869,15668688,SSRZESC
1681,7450162,15668467,SWOZZCZ
1682,7450162,15668688,SWOZZCZ
1683,7450162,15668378,SWOZZCZ
1684,7450162,15668460,SWOZZCZ
1685,7450162,15668459,SWOZZCZ
1686,8082957,15669777,SWNCOOR
1687,8082957,15669857,SWNCOOR
1688,8082957,15669814,SWNCOOR
1689,8082957,15669869,SWNCOOR
1690,8082957,15669872,SWNCOOR
1691,7439628,15669858,SSZZLHW
1692,7439628,15669777,SSZZLHW
1693,7439628,15668688,SSZZLHW
1694,7439628,15669860,SSZZLHW
1695,7439628,15668416,SSZZLHW
1696,8077366,15669861,SSCWORR
1697,8077366,15669821,SSCWORR
1698,8077366,34986125,SSCWORR
1699,8077366,34986123,SSCWORR
1700,8077366,34986113,SSCWORR
1701,7501860,15668465,SWNNZHH
1702,7501860,15668379,SWNNZHH
1703,7501860,15668468,SWNNZHH
1704,7501860,15669764,SWNNZHH
1705,7501860,15668688,SWNNZHH
1706,8190023,15668381,SSRHCRS
1707,8190023,15668460,SSRHCRS
1708,8190023,34987566,SSRHCRS
1709,8190023,93141092,SSRHCRS
1710,8190023,15668416,SSRHCRS
1711,8199996,15668381,SWRHNSN
1712,8199996,15668467,SWRHNSN
1713,8199996,15668460,SWRHNSN
1714,8199996,15668451,SWRHNSN
1715,8199996,15668378,SWRHNSN
1716,8276422,15668465,SWEZEOZ
1717,8276422,15668381,SWEZEOZ
1718,8276422,15668478,SWEZEOZ
1719,8276422,15668379,SWEZEOZ
1720,8276422,15668449,SWEZEOZ
1721,8247472,15668379,SSRRCCE
1722,8247472,15668381,SSRRCCE
1723,8247472,15669778,SSRRCCE
1724,8247472,15669760,SSRRCCE
1725,8247472,15669856,SSRRCCE
1726,8101152,15668378,SWRHRLL
1727,8101152,15668465,SWRHRLL
1728,8101152,15668381,SWRHRLL
1729,8101152,15668688,SWRHRLL
1730,8101152,15668462,SWRHRLL
1731,7382432,15668460,SWRHSEW
1732,7382432,15668381,SWRHSEW
1733,7382432,15668462,SWRHSEW
1734,7382432,15670251,SWRHSEW
1735,7382432,15668457,SWRHSEW
1736,8314193,15669760,SSWECLS
1737,8314193,15669861,SSWECLS
1738,8314193,15669780,SSWECLS
1739,8314193,15669777,SSWECLS
1740,8314193,15669870,SSWECLS
1741,7631002,15668460,SWHRWCO
1742,7631002,15668381,SWHRWCO
1743,7631002,15668379,SWHRWCO
1744,7631002,15668468,SWHRWCO
1745,7631002,15668462,SWHRWCO
1746,8245100,15668467,SSCLWOR
1747,8245100,15668381,SSCLWOR
1748,8245100,15668460,SSCLWOR
1749,8245100,15668465,SSCLWOR
1750,8245100,15668462,SSCLWOR
1751,7642371,15668478,SWOOLNC
1752,7642371,15668379,SWOOLNC
1753,7642371,15668459,SWOOLNC
1754,7642371,15668462,SWOOLNC
1755,7642371,15669864,SWOOLNC
1756,8352430,15668460,SWCEWOZ
1757,8352430,15668478,SWCEWOZ
1758,8352430,15668688,SWCEWOZ
1759,8352430,15668685,SWCEWOZ
1760,8352430,15668379,SWCEWOZ
1761,8176873,7572312,SWHHREO
1762,8176873,7569806,SWHHREO
1763,8176873,7572303,SWHHREO
1764,8176873,7569801,SWHHREO
1765,8176873,7572300,SWHHREO
1766,7414189,15669856,SSSWOZW
1767,7414189,15669861,SSSWOZW
1768,7414189,15668478,SSSWOZW
1769,7414189,15669878,SSSWOZW
1770,7414189,15668688,SSSWOZW
1771,8146703,15669817,SSOHWLN
1772,8146703,15669857,SSOHWLN
1773,8146703,15669832,SSOHWLN
1774,8146703,15669872,SSOHWLN
1775,8146703,15670271,SSOHWLN
1776,8179947,15668460,SWOCELW
1777,8179947,15668381,SWOCELW
1778,8179947,15668462,SWOCELW
1779,8179947,15668378,SWOCELW
1780,8179947,15668458,SWOCELW
1781,8070166,15668460,SSZWOZH
1782,8070166,15668458,SSZWOZH
1783,8070166,15669866,SSZWOZH
1784,8070166,15668379,SSZWOZH
1785,8070166,15668381,SSZWOZH
1786,8353451,15669869,SSNOWZE
1787,8353451,15668378,SSNOWZE
1788,8353451,15669769,SSNOWZE
1789,8353451,15669988,SSNOWZE
1790,8353451,15668467,SSNOWZE
1791,8138170,15669861,SWEWHLO
1792,8138170,15669864,SWEWHLO
1793,8138170,15668379,SWEWHLO
1794,8138170,15669860,SWEWHLO
1795,8138170,15669872,SWEWHLO
1796,8101071,15668468,SSEHLRW
1797,8101071,15668379,SSEHLRW
1798,8101071,15668460,SSEHLRW
1799,8101071,15668381,SSEHLRW
1800,8101071,15668465,SSEHLRW
1801,8205178,15669878,SSWEZCZ
1802,8205178,15669860,SSWEZCZ
1803,8205178,15669856,SSWEZCZ
1804,8205178,7580823,SSWEZCZ
1805,8205178,15669767,SSWEZCZ
1806,8201626,15668688,SSNHNOE
1807,8201626,15668460,SSNHNOE
1808,8201626,15668378,SSNHNOE
1809,8201626,15668467,SSNHNOE
1810,8201626,15669817,SSNHNOE
1811,8255466,15668460,SSWWZNR
1812,8255466,15668381,SSWWZNR
1813,8255466,15668458,SSWWZNR
1814,8255466,15668449,SSWWZNR
1815,8255466,15668469,SSWWZNR
1816,8109052,15669869,SWCLWHL
1817,8109052,15669878,SWCLWHL
1818,8109052,15669767,SWCLWHL
1819,8109052,15669860,SWCLWHL
1820,8109052,15669777,SWCLWHL
1821,8138408,15669780,SWNZHSH
1822,8138408,15669880,SWNZHSH
1823,8138408,15669777,SWNZHSH
1824,8138408,15669878,SWNZHSH
1825,8138408,15669760,SWNZHSH
1826,7412276,15669777,SWCOSLL
1827,7412276,15669832,SWCOSLL
1828,7412276,15669880,SWCOSLL
1829,7412276,15670267,SWCOSLL
1830,7412276,15669772,SWCOSLL
1831,8067980,15669832,SSOSOCH
1832,8067980,15669767,SSOSOCH
1833,8067980,15669857,SSOSOCH
1834,8067980,15669814,SSOSOCH
1835,8067980,15669870,SSOSOCH
1836,8096786,15669818,SSLLLRR
1837,8096786,15669869,SSLLLRR
1838,8096786,15669776,SSLLLRR
1839,8096786,15669863,SSLLLRR
1840,8096786,15669760,SSLLLRR
1841,8070481,15669880,SSSWCLL
1842,8070481,15669814,SSSWCLL
1843,8070481,15669863,SSSWCLL
1844,8070481,15669780,SSSWCLL
1845,8070481,15669872,SSSWCLL
1846,8331278,15669878,SWCEZWH
1847,8331278,15669880,SWCEZWH
1848,8331278,15669864,SWCEZWH
1849,8331278,15669817,SWCEZWH
1850,8331278,15669860,SWCEZWH
1851,8282484,15669790,SSSCNCC
1852,8282484,15669814,SSSCNCC
1853,8282484,15669777,SSSCNCC
1854,8282484,15669764,SSSCNCC
1855,8282484,15669857,SSSCNCC
1856,7788465,15668685,SWNNWZZ
1857,7788465,15668381,SWNNWZZ
1858,7788465,15668468,SWNNWZZ
1859,7788465,15668478,SWNNWZZ
1860,7788465,15668379,SWNNWZZ
1861,8139913,15669777,SWHOZCE
1862,8139913,15669872,SWHOZCE
1863,8139913,15669775,SWHOZCE
1864,8139913,15669880,SWHOZCE
1865,8139913,15669860,SWHOZCE
1866,8069214,15668381,SSNOZHH
1867,8069214,15669763,SSNOZHH
1868,8069214,15669864,SSNOZHH
1869,8069214,15669780,SSNOZHH
1870,8069214,15668467,SSNOZHH
1871,8138811,15668460,SWELRWN
1872,8138811,15668381,SWELRWN
1873,8138811,15668462,SWELRWN
1874,8138811,15668467,SWELRWN
1875,8138811,15668379,SWELRWN
1876,7721190,15668460,SWOHCHL
1877,7721190,15668462,SWOHCHL
1878,7721190,15670260,SWOHCHL
1879,7721190,15670251,SWOHCHL
1880,7721190,15670252,SWOHCHL
1881,8106451,15668460,SSCSENO
1882,8106451,15668416,SSCSENO
1883,8106451,15668469,SSCSENO
1884,8106451,15668381,SSCSENO
1885,8106451,15668466,SSCSENO
1886,8063588,15668478,SWENCHZ
1887,8063588,7580802,SWENCHZ
1888,8063588,15668381,SWENCHZ
1889,8063588,15668462,SWENCHZ
1890,8063588,15668468,SWENCHZ
1891,8195898,15670260,SSCLLWS
1892,8195898,15670251,SSCLLWS
1893,8195898,15668465,SSCLLWS
1894,8195898,15670157,SSCLLWS
1895,8195898,15668478,SSCLLWS
1896,8343369,15669856,SSZLHHE
1897,8343369,15669878,SSZLHHE
1898,8343369,15669861,SSZLHHE
1899,8343369,15669767,SSZLHHE
1900,8343369,15670267,SSZLHHE
1901,8130134,15669864,SWONECO
1902,8130134,15669878,SWONECO
1903,8130134,15669764,SWONECO
1904,8130134,15668379,SWONECO
1905,8130134,15669863,SWONECO
1906,8204496,15668457,SSZHOEE
1907,8204496,15668378,SSZHOEE
1908,8204496,15668468,SSZHOEE
1909,8204496,15668451,SSZHOEE
1910,8204496,15668478,SSZHOEE
1911,8073815,15668458,SSSZCCN
1912,8073815,15668460,SSSZCCN
1913,8073815,15668379,SSSZCCN
1914,8073815,15668462,SSSZCCN
1915,8073815,15668465,SSSZCCN
1916,8279511,15669872,SWNHHRL
1917,8279511,15669880,SWNHHRL
1918,8279511,15669832,SWNHHRL
1919,8279511,15669821,SWNHHRL
1920,8279511,15669817,SWNHHRL
1921,8286457,15668465,SSSNLOO
1922,8286457,15668688,SSSNLOO
1923,8286457,15669863,SSSNLOO
1924,8286457,15668467,SSSNLOO
1925,8286457,15668460,SSSNLOO
1926,7733315,15669860,SWOCEOC
1927,7733315,15669778,SWOCEOC
1928,7733315,15669789,SWOCEOC
1929,7733315,15669878,SWOCEOC
1930,7733315,15669863,SWOCEOC
1931,8192504,7580802,SWESLWC
1932,8192504,15669767,SWESLWC
1933,8192504,34986328,SWESLWC
1934,8192504,15668381,SWESLWC
1935,8192504,15669780,SWESLWC
1936,8087274,15669780,SSNNLRW
1937,8087274,15668381,SSNNLRW
1938,8087274,15669878,SSNNLRW
1939,8087274,15669760,SSNNLRW
1940,8087274,15668379,SSNNLRW
1941,8354716,15670157,SWEEZHL
1942,8354716,15668416,SWEEZHL
1943,8354716,15668471,SWEEZHL
1944,8354716,15668381,SWEEZHL
1945,8354716,15670251,SWEEZHL
1946,7470681,15668460,SWLSZSE
1947,7470681,15668378,SWLSZSE
1948,7470681,15668463,SWLSZSE
1949,7470681,15668458,SWLSZSE
1950,7470681,15668469,SWLSZSE
1951,8226887,15668381,SSLZROW
1952,8226887,15668379,SSLZROW
1953,8226887,15668460,SSLZROW
1954,8226887,15668685,SSLZROW
1955,8226887,15668458,SSLZROW
1956,8106715,15669878,SSNOSCZ
1957,8106715,15669763,SSNOSCZ
1958,8106715,15669764,SSNOSCZ
1959,8106715,15669861,SSNOSCZ
1960,8106715,15669863,SSNOSCZ
1961,8265546,15669857,SWNCLZZ
1962,8265546,15669832,SWNCLZZ
1963,8265546,15669781,SWNCLZZ
1964,8265546,15669814,SWNCLZZ
1965,8265546,15669863,SWNCLZZ
1966,7531263,15668460,SWEEZCC
1967,7531263,15668379,SWEEZCC
1968,7531263,15668462,SWEEZCC
1969,7531263,15668381,SWEEZCC
1970,7531263,15668458,SWEEZCC
1971,8153361,15668460,SWHEEOS
1972,8153361,15669864,SWHEEOS
1973,8153361,15668378,SWHEEOS
1974,8153361,15668381,SWHEEOS
1975,8153361,15668688,SWHEEOS
1976,8243363,15668381,SSZLNCH
1977,8243363,15668378,SSZLNCH
1978,8243363,15669869,SSZLNCH
1979,8243363,15668460,SSZLNCH
1980,8243363,15668467,SSZLNCH
1981,8230241,15668381,SWCCZRH
1982,8230241,15668688,SWCCZRH
1983,8230241,15668467,SWCCZRH
1984,8230241,15668378,SWCCZRH
1985,8230241,15668451,SWCCZRH
1986,7497186,15668468,SWORWZH
1987,7497186,15668379,SWORWZH
1988,7497186,15668688,SWORWZH
1989,7497186,15668462,SWORWZH
1990,7497186,15668689,SWORWZH
1991,8143536,15668465,SSSZEOW
1992,8143536,15669778,SSSZEOW
1993,8143536,15669780,SSSZEOW
1994,8143536,15669878,SSSZEOW
1995,8143536,15668688,SSSZEOW
1996,8166326,15668381,SSLRHNL
1997,8166326,15668478,SSLRHNL
1998,8166326,15668688,SSLRHNL
1999,8166326,15668460,SSLRHNL
2000,8166326,15668458,SSLRHNL
2001,8082912,15669878,SWLOZWE
2002,8082912,15669780,SWLOZWE
2003,8082912,15669778,SWLOZWE
2004,8082912,15669860,SWLOZWE
2005,8082912,15669869,SWLOZWE
2006,8191090,15668379,SSWNLNH
2007,8191090,15668468,SSWNLNH
2008,8191090,15668460,SSWNLNH
2009,8191090,15668381,SSWNLNH
2010,8191090,15668462,SSWNLNH
2011,7745973,15668688,SWNRHHO
2012,7745973,15668379,SWNRHHO
2013,7745973,15668467,SWNRHHO
2014,7745973,15668457,SWNRHHO
2015,7745973,15668468,SWNRHHO
2016,7416338,15668688,SWEOHHL
2017,7416338,15668379,SWEOHHL
2018,7416338,15668478,SWEOHHL
2019,7416338,15669789,SWEOHHL
2020,7416338,15669782,SWEOHHL
2021,7765977,15668685,SWNNRHC
2022,7765977,15668381,SWNNRHC
2023,7765977,15668378,SWNNRHC
2024,7765977,15668467,SWNNRHC
2025,7765977,15669863,SWNNRHC
2026,8262498,15668467,SWRHZSH
2027,8262498,15668460,SWRHZSH
2028,8262498,15668381,SWRHZSH
2029,8262498,15668688,SWRHZSH
2030,8262498,15668455,SWRHZSH
2031,7694372,15668381,SWLHHWS
2032,7694372,15668460,SWLHHWS
2033,7694372,15668469,SWLHHWS
2034,7694372,15668465,SWLHHWS
2035,7694372,15668457,SWLHHWS
2036,8206519,7580823,SWORZLW
2037,8206519,15669777,SWORZLW
2038,8206519,15669880,SWORZLW
2039,8206519,15669818,SWORZLW
2040,8206519,15669780,SWORZLW
2041,7788834,15669878,SWOOZRS
2042,7788834,15668379,SWOOZRS
2043,7788834,15669780,SWOOZRS
2044,7788834,15668462,SWOOZRS
2045,7788834,15668478,SWOOZRS
2046,8074820,15668381,SWCRWEH
2047,8074820,15668453,SWCRWEH
2048,8074820,15668460,SWCRWEH
2049,8074820,15668378,SWCRWEH
2050,8074820,15668462,SWCRWEH
2051,8246335,15669760,SSWOWLE
2052,8246335,15669869,SSWOWLE
2053,8246335,15669764,SSWOWLE
2054,8246335,15669821,SSWOWLE
2055,8246335,15669777,SSWOWLE
2056,7457237,15668685,SWOLONZ
2057,7457237,15668460,SWOLONZ
2058,7457237,15668379,SWOLONZ
2059,7457237,15668381,SWOLONZ
2060,7457237,15668462,SWOLONZ
2061,8296564,15669832,SWNRCHO
2062,8296564,15669777,SWNRCHO
2063,8296564,15669872,SWNRCHO
2064,8296564,15669776,SWNRCHO
2065,8296564,15669781,SWNRCHO
2066,8237822,15668381,SSNZCOL
2067,8237822,15668469,SSNZCOL
2068,8237822,15670267,SSNZCOL
2069,8237822,15668460,SSNZCOL
2070,8237822,15669780,SSNZCOL
2071,7403298,15669878,SWLSLCC
2072,7403298,15669772,SWLSLCC
2073,7403298,15669869,SWLSLCC
2074,7403298,15669864,SWLSLCC
2075,7403298,15669778,SWLSLCC
2076,8215172,15669878,SWNLHOO
2077,8215172,15669780,SWNLHOO
2078,8215172,15668465,SWNLHOO
2079,8215172,15668688,SWNLHOO
2080,8215172,15668378,SWNLHOO
2081,7460826,15669780,SSWLWNZ
2082,7460826,15669860,SSWLWNZ
2083,7460826,15669778,SSWLWNZ
2084,7460826,15669772,SSWLWNZ
2085,7460826,15669760,SSWLWNZ
2086,7583327,15668467,SWOCOEN
2087,7583327,15668688,SWOCOEN
2088,7583327,15668378,SWOCOEN
2089,7583327,15668460,SWOCOEN
2090,7583327,15668381,SWOCOEN
2091,8069966,15668416,SSCEHNS
2092,8069966,15669772,SSCEHNS
2093,8069966,15669777,SSCEHNS
2094,8069966,15669780,SSCEHNS
2095,8069966,15669821,SSCEHNS
2096,8120702,15669858,SSZNWLH
2097,8120702,15668688,SSZNWLH
2098,8120702,15668685,SSZNWLH
2099,8120702,34986125,SSZNWLH
2100,8120702,34987110,SSZNWLH
2101,7459927,15668459,SWOLOWW
2102,7459927,15668467,SWOLOWW
2103,7459927,15668462,SWOLOWW
2104,7459927,15668383,SWOLOWW
2105,7459927,15668457,SWOLOWW
2106,7727449,15668467,SWOZZZE
2107,7727449,15668688,SWOZZZE
2108,7727449,15668457,SWOZZZE
2109,7727449,15668474,SWOZZZE
2110,7727449,15668383,SWOZZZE
2111,8285456,15669860,SWLOLLS
2112,8285456,15669764,SWLOLLS
2113,8285456,7569802,SWLOLLS
2114,8285456,15669821,SWLOLLS
2115,8285456,15669760,SWLOLLS
2116,7517068,15668462,SSWWENC
2117,7517068,15668684,SSWWENC
2118,7517068,15668460,SSWWENC
2119,7517068,15668465,SSWWENC
2120,7517068,15668467,SSWWENC
2121,8063911,15668416,SWLLRNC
2122,8063911,15668381,SWLLRNC
2123,8063911,15668460,SWLLRNC
2124,8063911,15668378,SWLLRNC
2125,8063911,15668687,SWLLRNC
2126,8118745,15669769,SSZLLON
2127,8118745,15668478,SSZLLON
2128,8118745,15668465,SSZLLON
2129,8118745,15669832,SSZLLON
2130,8118745,15669866,SSZLLON
2131,7635812,15670251,SWCWSZR
2132,7635812,15670157,SWCWSZR
2133,7635812,15668416,SWCWSZR
2134,7635812,15670250,SWCWSZR
2135,7635812,15670169,SWCWSZR
2136,8136539,15669878,SWLLHHC
2137,8136539,15669856,SWLLHHC
2138,8136539,15669861,SWLLHHC
2139,8136539,15669863,SWLLHHC
2140,8136539,15669773,SWLLHHC
2141,8250969,15668468,SWRHWEH
2142,8250969,15668379,SWRHWEH
2143,8250969,15668478,SWRHWEH
2144,8250969,15668688,SWRHWEH
2145,8250969,15668594,SWRHWEH
2146,8192768,15668688,SSNWCSH
2147,8192768,15668381,SSNWCSH
2148,8192768,15668379,SSNWCSH
2149,8192768,15668471,SSNWCSH
2150,8192768,15668457,SSNWCSH
2151,7558409,15668379,SWLRNLH
2152,7558409,15668462,SWLRNLH
2153,7558409,15668465,SWLRNLH
2154,7558409,15668468,SWLRNLH
2155,7558409,15669878,SWLRNLH
2156,7768104,15669863,SWLWNZW
2157,7768104,15669885,SWLWNZW
2158,7768104,15669859,SWLWNZW
2159,7768104,15669860,SWLWNZW
2160,7768104,15669772,SWLWNZW
2161,7714867,15669878,SWLRERH
2162,7714867,15669767,SWLRERH
2163,7714867,15669884,SWLRERH
2164,7714867,15669863,SWLRERH
2165,7714867,15669818,SWLRERH
2166,7850334,15668379,SWLLZEO
2167,7850334,15668468,SWLLZEO
2168,7850334,15668452,SWLLZEO
2169,7850334,15668459,SWLLZEO
2170,7850334,15668462,SWLLZEO
2171,8236542,15668688,SSZEWNH
2172,8236542,15668379,SSZEWNH
2173,8236542,15669777,SSZEWNH
2174,8236542,15668381,SSZEWNH
2175,8236542,15669869,SSZEWNH
2176,8088678,15670269,SWCLLSO
2177,8088678,15669869,SWCLLSO
2178,8088678,34992815,SWCLLSO
2179,8088678,15669864,SWCLLSO
2180,8088678,15669817,SWCLLSO
2181,8271902,15668381,SWRCNLO
2182,8271902,15668379,SWRCNLO
2183,8271902,15668688,SWRCNLO
2184,8271902,15668471,SWRCNLO
2185,8271902,15668460,SWRCNLO
2186,7417942,15668467,SSWZEOR
2187,7417942,15668478,SSWZEOR
2188,7417942,15668451,SSWZEOR
2189,7417942,15668688,SSWZEOR
2190,7417942,15668462,SSWZEOR
2191,8070710,15668685,SSCLCSW
2192,8070710,15668381,SSCLCSW
2193,8070710,15668460,SSCLCSW
2194,8070710,15668468,SSCLCSW
2195,8070710,15668379,SSCLCSW
2196,8304435,15668460,SWOZELS
2197,8304435,15668381,SWOZELS
2198,8304435,15668462,SWOZELS
2199,8304435,15668473,SWOZELS
2200,8304435,15668379,SWOZELS
2201,8127819,15669832,SWECRER
2202,8127819,15669874,SWECRER
2203,8127819,15669860,SWECRER
2204,8127819,15669863,SWECRER
2205,8127819,15669834,SWECRER
2206,7700376,15668381,SWEEOEO
2207,7700376,15668378,SWEEOEO
2208,7700376,15669764,SWEEOEO
2209,7700376,15669863,SWEEOEO
2210,7700376,15668460,SWEEOEO
2211,7403661,15670157,SWLNRSC
2212,7403661,15670251,SWLNRSC
2213,7403661,15670250,SWLNRSC
2214,7403661,15668478,SWLNRSC
2215,7403661,15670252,SWLNRSC
2216,7473154,15668381,SWCRZCH
2217,7473154,15668460,SWCRZCH
2218,7473154,15668458,SWCRZCH
2219,7473154,15668379,SWCRZCH
2220,7473154,15668685,SWCRZCH
2221,7443402,15669776,SWOSSZE
2222,7443402,15669861,SWOSSZE
2223,7443402,15669775,SWOSSZE
2224,7443402,15669765,SWOSSZE
2225,7443402,15669781,SWOSSZE
2226,8067510,15669878,SSZNRER
2227,8067510,15669863,SSZNRER
2228,8067510,15669880,SSZNRER
2229,8067510,15669776,SSZNRER
2230,8067510,15669818,SSZNRER
2231,8116158,15669863,SSCSLSN
2232,8116158,15669789,SSCSLSN
2233,8116158,15669767,SSCSLSN
2234,8116158,15669878,SSCSLSN
2235,8116158,15669760,SSCSLSN
2236,7369866,15668469,SSWSLLZ
2237,7369866,15668380,SSWSLLZ
2238,7369866,15669780,SSWSLLZ
2239,7369866,15669866,SSWSLLZ
2240,7369866,15668381,SSWSLLZ
2241,8100379,15669780,SSRRHLE
2242,8100379,15669767,SSRRHLE
2243,8100379,15669878,SSRRHLE
2244,8100379,15669760,SSRRHLE
2245,8100379,15668688,SSRRHLE
2246,8227029,15669832,SSZNOHH
2247,8227029,15669767,SSZNOHH
2248,8227029,15669777,SSZNOHH
2249,8227029,15669857,SSZNOHH
2250,8227029,15670267,SSZNOHH
2251,8141867,15669780,SSSLOHO
2252,8141867,15669764,SSSLOHO
2253,8141867,15668379,SSSLOHO
2254,8141867,15670269,SSSLOHO
2255,8141867,15669790,SSSLOHO
2256,8097385,15668381,SSENHNN
2257,8097385,15668685,SSENHNN
2258,8097385,15668460,SSENHNN
2259,8097385,15668379,SSENHNN
2260,8097385,15668478,SSENHNN
2261,7389900,15668462,SSZEESN
2262,7389900,15669878,SSZEESN
2263,7389900,15668379,SSZEESN
2264,7389900,15668459,SSZEESN
2265,7389900,15669864,SSZEESN
2266,8348918,15669767,SSSSONE
2267,8348918,7580802,SSSSONE
2268,8348918,15669821,SSSSONE
2269,8348918,15669764,SSSSONE
2270,8348918,15669780,SSSSONE
2271,8385399,15669780,SSZHOER
2272,8385399,15669799,SSZHOER
2273,8385399,15669878,SSZHOER
2274,8385399,15669832,SSZHOER
2275,8385399,15669887,SSZHOER
2276,8137302,15668379,SSRRZSO
2277,8137302,15668474,SSRRZSO
2278,8137302,15668468,SSRRZSO
2279,8137302,15668688,SSRRZSO
2280,8137302,15668689,SSRRZSO
2281,7779672,15669869,SWLNLSH
2282,7779672,15668458,SWLNLSH
2283,7779672,15669878,SWLNLSH
2284,7779672,15669764,SWLNLSH
2285,7779672,15669832,SWLNLSH
2286,7637305,15668460,SWLONHO
2287,7637305,15668378,SWLONHO
2288,7637305,15669864,SWLONHO
2289,7637305,15668688,SWLONHO
2290,7637305,15668457,SWLONHO
2291,8084306,15668465,SWOCZER
2292,8084306,15668688,SWOCZER
2293,8084306,15668378,SWOCZER
2294,8084306,15668467,SWOCZER
2295,8084306,15668416,SWOCZER
2296,8108636,15668467,SWHZZEO
2297,8108636,15668460,SWHZZEO
2298,8108636,15668688,SWHZZEO
2299,8108636,15668381,SWHZZEO
2300,8108636,15668378,SWHZZEO
2301,8284427,15669887,SSZLWOS
2302,8284427,15669832,SSZLWOS
2303,8284427,21409004,SSZLWOS
2304,8284427,15669869,SSZLWOS
2305,8284427,15670269,SSZLWOS
2306,8173709,15669817,SSCRHLH
2307,8173709,15669880,SSCRHLH
2308,8173709,15669777,SSCRHLH
2309,8173709,15669832,SSCRHLH
2310,8173709,15669869,SSCRHLH
2311,8165327,15668478,SSCNHZN
2312,8165327,15668688,SSCNHZN
2313,8165327,15668379,SSCNHZN
2314,8165327,15668465,SSCNHZN
2315,8165327,15668460,SSCNHZN
2316,8105118,15668468,SWHCZNL
2317,8105118,15668379,SWHCZNL
2318,8105118,15669872,SWHCZNL
2319,8105118,15668460,SWHCZNL
2320,8105118,15669861,SWHCZNL
2321,8083700,15669832,SWNSCOW
2322,8083700,15669814,SWNSCOW
2323,8083700,15669886,SWNSCOW
2324,8083700,15669775,SWNSCOW
2325,8083700,7624792,SWNSCOW
2326,7551396,7580802,SWNNNER
2327,7551396,15668381,SWNNNER
2328,7551396,15668478,SWNNNER
2329,7551396,15668520,SWNNNER
2330,7551396,15668378,SWNNNER
2331,7656814,15668465,SWNSONN
2332,7656814,15668688,SWNSONN
2333,7656814,15668462,SWNSONN
2334,7656814,15668460,SWNSONN
2335,7656814,15669878,SWNSONN
2336,8195996,15668467,SWCOWRR
2337,8195996,15668688,SWCOWRR
2338,8195996,15668378,SWCOWRR
2339,8195996,7569801,SWCOWRR
2340,8195996,15668459,SWCOWRR
2341,7462903,15668378,SSSESRC
2342,7462903,15668381,SSSESRC
2343,7462903,15668449,SSSESRC
2344,7462903,15668594,SSSESRC
2345,7462903,15668494,SSSESRC
2346,7765027,15669789,SWLEZRR
2347,7765027,15670260,SWLEZRR
2348,7765027,15670157,SWLEZRR
2349,7765027,15669878,SWLEZRR
2350,7765027,15670251,SWLEZRR
2351,7618134,15668462,SWLWNWH
2352,7618134,15668468,SWLWNWH
2353,7618134,15668378,SWLWNWH
2354,7618134,15668460,SWLWNWH
2355,7618134,15668379,SWLWNWH
2356,7862826,15669777,SWLOELR
2357,7862826,15669869,SWLOELR
2358,7862826,15669818,SWLOELR
2359,7862826,15669817,SWLOELR
2360,7862826,15669878,SWLOELR
2361,7798184,15669864,SWOSLLW
2362,7798184,15669780,SWOSLLW
2363,7798184,15669878,SWOSLLW
2364,7798184,15668462,SWOSLLW
2365,7798184,15668478,SWOSLLW
2366,8065502,15669869,SWHOORR
2367,8065502,15669864,SWHOORR
2368,8065502,15669763,SWHOORR
2369,8065502,15669817,SWHOORR
2370,8065502,15669762,SWHOORR
2371,8289460,15669872,SSWHNCO
2372,8289460,15669760,SSWHNCO
2373,8289460,15669869,SSWHNCO
2374,8289460,15669764,SSWHNCO
2375,8289460,15669861,SSWHNCO
2376,8152370,15669780,SSONRWS
2377,8152370,15668379,SSONRWS
2378,8152370,15668468,SSONRWS
2379,8152370,15669857,SSONRWS
2380,8152370,15668478,SSONRWS
2381,8156983,15668379,SWONCSR
2382,8156983,15668381,SWONCSR
2383,8156983,15668520,SWONCSR
2384,8156983,7587667,SWONCSR
2385,8156983,15669866,SWONCSR
2386,8355842,7580823,SWOEOCZ
2387,8355842,15669863,SWOEOCZ
2388,8355842,15669878,SWOEOCZ
2389,8355842,15669760,SWOEOCZ
2390,8355842,15669778,SWOEOCZ
2391,7441794,15668465,SSSZOON
2392,7441794,15668379,SSSZOON
2393,7441794,15668457,SSSZOON
2394,7441794,15668468,SSSZOON
2395,7441794,15669860,SSSZOON
2396,7368676,15669860,SWHCZWL
2397,7368676,15669780,SWHCZWL
2398,7368676,15669760,SWHCZWL
2399,7368676,15669821,SWHCZWL
2400,7368676,15669778,SWHCZWL
2401,8163444,15668688,SSRCHSH
2402,8163444,15668379,SSRCHSH
2403,8163444,15668467,SSRCHSH
2404,8163444,15668460,SSRCHSH
2405,8163444,15668451,SSRCHSH
2406,8345860,15668381,SSLLRLL
2407,8345860,15668379,SSLLRLL
2408,8345860,15668457,SSLLRLL
2409,8345860,92387970,SSLLRLL
2410,8345860,7569802,SSLLRLL
2411,8191841,15669864,SWLWCHH
2412,8191841,15669863,SWLWCHH
2413,8191841,15669780,SWLWCHH
2414,8191841,15669860,SWLWCHH
2415,8191841,15669764,SWLWCHH
2416,8226188,15668460,SWRCEHH
2417,8226188,15668381,SWRCEHH
2418,8226188,15668469,SWRCEHH
2419,8226188,15668458,SWRCEHH
2420,8226188,15669817,SWRCEHH
2421,8179797,15668460,SWCECSR
2422,8179797,15668381,SWCECSR
2423,8179797,15668458,SWCECSR
2424,8179797,15668379,SWCECSR
2425,8179797,15668467,SWCECSR
2426,8079264,15669864,SWNEHSL
2427,8079264,15669860,SWNEHSL
2428,8079264,15669859,SWNEHSL
2429,8079264,15669863,SWNEHSL
2430,8079264,15669780,SWNEHSL
2431,7791568,15668478,SWNEZSE
2432,7791568,15668379,SWNEZSE
2433,7791568,15668689,SWNEZSE
2434,7791568,15669878,SWNEZSE
2435,7791568,15668457,SWNEZSE
2436,7617765,15668416,SWRCWSC
2437,7617765,15668457,SWRCWSC
2438,7617765,15668378,SWRCWSC
2439,7617765,15668468,SWRCWSC
2440,7617765,15668465,SWRCWSC
2441,7764234,15669872,SWLOOSN
2442,7764234,15668416,SWLOOSN
2443,7764234,15669857,SWLOOSN
2444,7764234,15669781,SWLOOSN
2445,7764234,15669773,SWLOOSN
2446,7602429,15668379,SWELNZO
2447,7602429,15668459,SWELNZO
2448,7602429,15668465,SWELNZO
2449,7602429,15668462,SWELNZO
2450,7602429,15668478,SWELNZO
2451,8288966,15669856,SSSRWWN
2452,8288966,15668468,SSSRWWN
2453,8288966,15669878,SSSRWWN
2454,8288966,15668471,SSSRWWN
2455,8288966,15668416,SSSRWWN
2456,8245697,15669832,SSWCEEO
2457,8245697,15669860,SSWCEEO
2458,8245697,15669764,SSWCEEO
2459,8245697,15669869,SSWCEEO
2460,8245697,15669780,SSWCEEO
2461,8148898,15668460,SWOREWH
2462,8148898,15668381,SWOREWH
2463,8148898,15668469,SWOREWH
2464,8148898,15668378,SWOREWH
2465,8148898,15668458,SWOREWH
2466,7675127,15670251,SWCLOCL
2467,7675127,15670157,SWCLOCL
2468,7675127,15668468,SWCLOCL
2469,7675127,15670260,SWCLOCL
2470,7675127,15670250,SWCLOCL
2471,8273464,15669878,SWECCLC
2472,8273464,15669767,SWECCLC
2473,8273464,15669780,SWECCLC
2474,8273464,15669760,SWECCLC
2475,8273464,15669821,SWECCLC
2476,8275185,15670252,SWCWSRR
2477,8275185,7587669,SWCWSRR
2478,8275185,15669872,SWCWSRR
2479,8275185,7587651,SWCWSRR
2480,8275185,15670157,SWCWSRR
2481,8269205,15668460,SSNOOZL
2482,8269205,15669817,SSNOOZL
2483,8269205,29247044,SSNOOZL
2484,8269205,15668381,SSNOOZL
2485,8269205,15668458,SSNOOZL
2486,8089518,15669860,SSWOSRE
2487,8089518,15669780,SSWOSRE
2488,8089518,15669863,SSWOSRE
2489,8089518,15669864,SSWOSRE
2490,8089518,15669778,SSWOSRE
2491,7603462,15669780,SWLERHS
2492,7603462,15669764,SWLERHS
2493,7603462,15669869,SWLERHS
2494,7603462,15669864,SWLERHS
2495,7603462,15669772,SWLERHS
2496,8209866,15669777,SSOELRH
2497,8209866,15669789,SSOELRH
2498,8209866,15669821,SSOELRH
2499,8209866,15669863,SSOELRH
2500,8209866,15669860,SSOELRH
2501,8288927,15668381,SSWHOZZ
2502,8288927,7580802,SSWHOZZ
2503,8288927,15668379,SSWHOZZ
2504,8288927,15668468,SSWHOZZ
2505,8288927,15668462,SSWHOZZ
2506,8218184,15668688,SWHLRZO
2507,8218184,15668381,SWHLRZO
2508,8218184,15668457,SWHLRZO
2509,8218184,15669764,SWHLRZO
2510,8218184,15668379,SWHLRZO
2511,8106887,15668378,SSSOOZC
2512,8106887,15668688,SSSOOZC
2513,8106887,15669760,SSSOOZC
2514,8106887,15668381,SSSOOZC
2515,8106887,15668460,SSSOOZC
2516,8353991,15669869,SSNCRLW
2517,8353991,15668460,SSNCRLW
2518,8353991,15668378,SSNCRLW
2519,8353991,15668458,SSNCRLW
2520,8353991,15668467,SSNCRLW
2521,8085270,15669869,SSLEZWR
2522,8085270,15669777,SSLEZWR
2523,8085270,15669872,SSLEZWR
2524,8085270,15669814,SSLEZWR
2525,8085270,15669776,SSLEZWR
2526,8284234,15668460,SWEOOOO
2527,8284234,15668466,SWEOOOO
2528,8284234,15669866,SWEOOOO
2529,8284234,15668378,SWEOOOO
2530,8284234,15669869,SWEOOOO
2531,8074454,15668381,SWOWSZW
2532,8074454,15668451,SWOWSZW
2533,8074454,15668378,SWOWSZW
2534,8074454,15668465,SWOWSZW
2535,8074454,15668469,SWOWSZW
2536,8069625,15669814,SSOHZHS
2537,8069625,15669857,SSOHZHS
2538,8069625,15669872,SSOHZHS
2539,8069625,15669863,SSOHZHS
2540,8069625,15669790,SSOHZHS
2541,8210933,15668688,SSWCZOC
2542,8210933,15668381,SSWCZOC
2543,8210933,15668379,SSWCZOC
2544,8210933,15668471,SSWCZOC
2545,8210933,15668457,SSWCZOC
2546,8212584,15669780,SWEHLLO
2547,8212584,15669878,SWEHLLO
2548,8212584,15669760,SWEHLLO
2549,8212584,15669764,SWEHLLO
2550,8212584,15669860,SWEHLLO
2551,7384012,15670269,SWHRSRR
2552,7384012,15668458,SWHRSRR
2553,7384012,15669866,SWHRSRR
2554,7384012,15669817,SWHRSRR
2555,7384012,15668381,SWHRSRR
2556,8198030,15668688,SSSCCOE
2557,8198030,15668379,SSSCCOE
2558,8198030,15668468,SSSCCOE
2559,8198030,15669856,SSSCCOE
2560,8198030,15668478,SSSCCOE
2561,7498596,15669832,SWERCNR
2562,7498596,15669872,SWERCNR
2563,7498596,15669880,SWERCNR
2564,7498596,15669887,SWERCNR
2565,7498596,15669760,SWERCNR
2566,8216673,15669780,SSRWWCE
2567,8216673,15668684,SSRWWCE
2568,8216673,15668379,SSRWWCE
2569,8216673,15668460,SSRWWCE
2570,8216673,15668467,SSRWWCE
2571,8335367,15669869,SSNNWWW
2572,8335367,15668460,SSNNWWW
2573,8335367,15669764,SSNNWWW
2574,8335367,15669861,SSNNWWW
2575,8335367,15669772,SSNNWWW
2576,8084238,15668379,SSZZWOR
2577,8084238,15668688,SSZZWOR
2578,8084238,15670251,SSZZWOR
2579,8084238,15668462,SSZZWOR
2580,8084238,15670157,SSZZWOR
2581,8134370,15668460,SWOSCLN
2582,8134370,15668379,SWOSCLN
2583,8134370,15668381,SWOSCLN
2584,8134370,15668451,SWOSCLN
2585,8134370,15668378,SWOSCLN
2586,7764318,15668460,SWNCZWO
2587,7764318,15669864,SWNCZWO
2588,7764318,15668381,SWNCZWO
2589,7764318,15668685,SWNCZWO
2590,7764318,15668378,SWNCZWO
2591,7486730,15668688,SSSHLHL
2592,7486730,15668379,SSSHLHL
2593,7486730,15668381,SSSHLHL
2594,7486730,15668467,SSSHLHL
2595,7486730,15668468,SSSHLHL
2596,7496586,15668688,SWOEWRH
2597,7496586,15668381,SWOEWRH
2598,7496586,15668379,SWOEWRH
2599,7496586,15668451,SWOEWRH
2600,7496586,15668457,SWOEWRH
2601,8065395,15669861,SSZHLRN
2602,8065395,15669856,SSZHLRN
2603,8065395,15668460,SSZHLRN
2604,8065395,15669878,SSZHLRN
2605,8065395,15668468,SSZHLRN
2606,7830364,15668467,SWNECLZ
2607,7830364,15668378,SWNECLZ
2608,7830364,15668457,SWNECLZ
2609,7830364,15668688,SWNECLZ
2610,7830364,15668459,SWNECLZ
2611,7708176,15668458,SWRNCEH
2612,7708176,15668378,SWRNCEH
2613,7708176,15669864,SWRNCEH
2614,7708176,15669887,SWRNCEH
2615,7708176,15668379,SWRNCEH
2616,7481636,15670251,SWCRRLL
2617,7481636,15670250,SWCRRLL
2618,7481636,15670196,SWCRRLL
2619,7481636,15668449,SWCRRLL
2620,7481636,7587669,SWCRRLL
2621,8096305,15669869,SSNEHZR
2622,8096305,15669781,SSNEHZR
2623,8096305,15669777,SSNEHZR
2624,8096305,15669880,SSNEHZR
2625,8096305,15669818,SSNEHZR
2626,8101807,15668460,SSWERSN
2627,8101807,15668473,SSWERSN
2628,8101807,15668462,SSWERSN
2629,8101807,15668381,SSWERSN
2630,8101807,15668467,SSWERSN
2631,8080311,15669860,SSZCWCC
2632,8080311,15669869,SSZCWCC
2633,8080311,15669864,SSZCWCC
2634,8080311,15669772,SSZCWCC
2635,8080311,15669863,SSZCWCC
2636,7817216,15668379,SWNHNRN
2637,7817216,15668478,SWNHNRN
2638,7817216,15668459,SWNHNRN
2639,7817216,15668471,SWNHNRN
2640,7817216,15668462,SWNHNRN
2641,8136393,15669863,SSWWNCH
2642,8136393,15669777,SSWWNCH
2643,8136393,15669776,SSWWNCH
2644,8136393,15669780,SSWWNCH
2645,8136393,15669880,SSWWNCH
2646,8268096,15669760,SWCWNCO
2647,8268096,15669832,SWCWNCO
2648,8268096,15669804,SWCWNCO
2649,8268096,15669878,SWCWNCO
2650,8268096,15669764,SWCWNCO
2651,8123840,15668460,SSSZWOR
2652,8123840,15668688,SSSZWOR
2653,8123840,15668467,SSSZWOR
2654,8123840,15668378,SSSZWOR
2655,8123840,15668381,SSSZWOR
2656,8256932,15668381,SWORCOW
2657,8256932,15668379,SWORCOW
2658,8256932,15668378,SWORCOW
2659,8256932,15669764,SWORCOW
2660,8256932,15669869,SWORCOW
2661,8341901,15668378,SSRENRS
2662,8341901,15668381,SSRENRS
2663,8341901,15669864,SSRENRS
2664,8341901,15669763,SSRENRS
2665,8341901,15669887,SSRENRS
2666,8280275,15668379,SSNOEEZ
2667,8280275,15668688,SSNOEEZ
2668,8280275,15668478,SSNOEEZ
2669,8280275,15668465,SSNOEEZ
2670,8280275,15668494,SSNOEEZ
2671,8258691,15668468,SSZNWWS
2672,8258691,15668379,SSZNWWS
2673,8258691,15668460,SSZNWWS
2674,8258691,15668381,SSZNWWS
2675,8258691,15668471,SSZNWWS
2676,7527581,15668458,SWCCOLE
2677,7527581,15668460,SWCCOLE
2678,7527581,15668463,SWCCOLE
2679,7527581,15668462,SWCCOLE
2680,7527581,15668465,SWCCOLE
2681,7853559,15668478,SWLHSRS
2682,7853559,15668467,SWLHSRS
2683,7853559,15668379,SWLHSRS
2684,7853559,15668688,SWLHSRS
2685,7853559,15668462,SWLHSRS
2686,8288803,93141092,SSOEHNL
2687,8288803,93141023,SSOEHNL
2688,8288803,15668462,SSOEHNL
2689,8288803,15668468,SSOEHNL
2690,8288803,15668379,SSOEHNL
2691,8192783,15668688,SSNZEHL
2692,8192783,15668379,SSNZEHL
2693,8192783,15668462,SSNZEHL
2694,8192783,15668460,SSNZEHL
2695,8192783,15668467,SSNZEHL
2696,8159930,15669864,SWLRHOW
2697,8159930,15669878,SWLRHOW
2698,8159930,15669764,SWLRHOW
2699,8159930,15669804,SWLRHOW
2700,8159930,15669832,SWLRHOW
2701,7397516,15669780,SWLEOEC
2702,7397516,15669878,SWLEOEC
2703,7397516,15669821,SWLEOEC
2704,7397516,15669760,SWLEOEC
2705,7397516,15669778,SWLEOEC
2706,8204185,15669814,SSRZHCC
2707,8204185,15669857,SSRZHCC
2708,8204185,15669775,SSRZHCC
2709,8204185,15669821,SSRZHCC
2710,8204185,15669872,SSRZHCC
2711,7660824,15668458,SWORLSW
2712,7660824,15669780,SWORLSW
2713,7660824,15668378,SWORLSW
2714,7660824,15668379,SWORLSW
2715,7660824,15669760,SWORLSW
2716,8201012,15668688,SSLLWWZ
2717,8201012,15668467,SSLLWWZ
2718,8201012,15668378,SSLLWWZ
2719,8201012,15668381,SSLLWWZ
2720,8201012,15668460,SSLLWWZ
2721,7382539,15669887,SWOZSEO
2722,7382539,15669878,SWOZSEO
2723,7382539,15669772,SWOZSEO
2724,7382539,15669764,SWOZSEO
2725,7382539,15669863,SWOZSEO
2726,8321717,15669885,SWLOREE
2727,8321717,15669878,SWLOREE
2728,8321717,15669988,SWLOREE
2729,8321717,15669860,SWLOREE
2730,8321717,15669863,SWLOREE
2731,7551502,15668687,SWLNLLZ
2732,7551502,15668460,SWLNLLZ
2733,7551502,15668466,SWLNLLZ
2734,7551502,15668378,SWLNLLZ
2735,7551502,15668381,SWLNLLZ
2736,7705323,15669878,SWNOCER
2737,7705323,15669778,SWNOCER
2738,7705323,15668465,SWNOCER
2739,7705323,15669764,SWNOCER
2740,7705323,15668378,SWNOCER
2741,8075506,15668460,SSRZHHN
2742,8075506,15668378,SSRZHHN
2743,8075506,15668468,SSRZHHN
2744,8075506,15668465,SSRZHHN
2745,8075506,15668478,SSRZHHN
2746,7729749,15668468,SWEECSW
2747,7729749,15668378,SWEECSW
2748,7729749,15668462,SWEECSW
2749,7729749,15668465,SWEECSW
2750,7729749,15668460,SWEECSW
2751,7481117,15670157,SSZLHES
2752,7481117,15670251,SSZLHES
2753,7481117,15668478,SSZLHES
2754,7481117,15670250,SSZLHES
2755,7481117,15670241,SSZLHES
2756,7599737,15669878,SWCOLWE
2757,7599737,15668520,SWCOLWE
2758,7599737,15669885,SWCOLWE
2759,7599737,15669860,SWCOLWE
2760,7599737,15669817,SWCOLWE
2761,7825117,7572312,SWLHCLH
2762,7825117,7569806,SWLHCLH
2763,7825117,7569801,SWLHCLH
2764,7825117,15668465,SWLHCLH
2765,7825117,7572303,SWLHCLH
2766,8090614,15669860,SWOERWC
2767,8090614,15668468,SWOERWC
2768,8090614,15668685,SWOERWC
2769,8090614,15668381,SWOERWC
2770,8090614,15669880,SWOERWC
2771,8263472,15668460,SSLSWRE
2772,8263472,15669866,SSLSWRE
2773,8263472,15669765,SSLSWRE
2774,8263472,15670269,SSLSWRE
2775,8263472,15669817,SSLSWRE
2776,8084987,15668465,SSNOWOC
2777,8084987,15668688,SSNOWOC
2778,8084987,15668462,SSNOWOC
2779,8084987,15668378,SSNOWOC
2780,8084987,15668467,SSNOWOC
2781,8085297,15669767,SSCSLWN
2782,8085297,15668688,SSCSLWN
2783,8085297,15668381,SSCSLWN
2784,8085297,15669878,SSCSLWN
2785,8085297,15668467,SSCSLWN
2786,8203156,15668379,SSWNOEH
2787,8203156,15668478,SSWNOEH
2788,8203156,15668465,SSWNOEH
2789,8203156,15668688,SSWNOEH
2790,8203156,15669878,SSWNOEH
2791,7366964,15669878,SWELEWW
2792,7366964,15669856,SWELEWW
2793,7366964,15668451,SWELEWW
2794,7366964,15668468,SWELEWW
2795,7366964,15668378,SWELEWW
2796,7587534,15668478,SWNERHS
2797,7587534,15668460,SWNERHS
2798,7587534,15668688,SWNERHS
2799,7587534,15670251,SWNERHS
2800,7587534,15668379,SWNERHS
2801,8063597,15669832,SSOWEOO
2802,8063597,15669878,SSOWEOO
2803,8063597,15669857,SSOWEOO
2804,8063597,15669814,SSOWEOO
2805,8063597,15669860,SSOWEOO
2806,8159383,93141023,SWHONHO
2807,8159383,93141092,SWHONHO
2808,8159383,34986401,SWHONHO
2809,8159383,15668688,SWHONHO
2810,8159383,34987629,SWHONHO
2811,7754398,15668478,SWOEORS
2812,7754398,15668379,SWOEORS
2813,7754398,15668465,SWOEORS
2814,7754398,15668688,SWOEORS
2815,7754398,15668689,SWOEORS
2816,8218426,15670251,SWOOHLC
2817,8218426,15668460,SWOOHLC
2818,8218426,15668379,SWOOHLC
2819,8218426,15668478,SWOOHLC
2820,8218426,15668474,SWOOHLC
2821,8348887,15669887,SWNLNRZ
2822,8348887,15669760,SWNLNRZ
2823,8348887,15669821,SWNLNRZ
2824,8348887,15669869,SWNLNRZ
2825,8348887,15669872,SWNLNRZ
2826,8188075,15668458,SSLSZNC
2827,8188075,15668460,SSLSZNC
2828,8188075,15669866,SSLSZNC
2829,8188075,15670269,SSLSZNC
2830,8188075,15669765,SSLSZNC
2831,7454503,15668381,SWOWCRW
2832,7454503,15669878,SWOWCRW
2833,7454503,15668467,SWOWCRW
2834,7454503,15668465,SWOWCRW
2835,7454503,15668478,SWOWCRW
2836,8198721,15668685,SWCLHHO
2837,8198721,15668381,SWCLHHO
2838,8198721,15668478,SWCLHHO
2839,8198721,15668688,SWCLHHO
2840,8198721,15668465,SWCLHHO
2841,8119882,15668379,SSSORWE
2842,8119882,15668688,SSSORWE
2843,8119882,15669878,SSSORWE
2844,8119882,15668457,SSSORWE
2845,8119882,15669777,SSSORWE
2846,8093760,15668381,SSESNZL
2847,8093760,15669856,SSESNZL
2848,8093760,15668478,SSESNZL
2849,8093760,15669864,SSESNZL
2850,8093760,15668467,SSESNZL
2851,8101813,15668460,SSOHWHC
2852,8101813,15668469,SSOHWHC
2853,8101813,15668381,SSOHWHC
2854,8101813,15668451,SSOHWHC
2855,8101813,15668688,SSOHWHC
2856,8102328,15668379,SSLWEEZ
2857,8102328,15668460,SSLWEEZ
2858,8102328,15668462,SSLWEEZ
2859,8102328,15668465,SSLWEEZ
2860,8102328,15668468,SSLWEEZ
2861,8122589,15669767,SWOOLZW
2862,8122589,15669878,SWOOLZW
2863,8122589,15669764,SWOOLZW
2864,8122589,7580802,SWOOLZW
2865,8122589,15669860,SWOOLZW
2866,8285181,15669869,SSLWWWH
2867,8285181,15669817,SSLWWWH
2868,8285181,15669878,SSLWWWH
2869,8285181,15669832,SSLWWWH
2870,8285181,15668460,SSLWWWH
2871,8344473,15668478,SWHCCEO
2872,8344473,15668465,SWHCCEO
2873,8344473,15668379,SWHCCEO
2874,8344473,15668381,SWHCCEO
2875,8344473,15668468,SWHCCEO
2876,8195870,15668460,SSLLZCO
2877,8195870,15668381,SSLLZCO
2878,8195870,15668467,SSLLZCO
2879,8195870,15668462,SSLLZCO
2880,8195870,15668379,SSLLZCO
2881,8075456,15668381,SWNRLEZ
2882,8075456,15668460,SWNRLEZ
2883,8075456,15668379,SWNRLEZ
2884,8075456,15668462,SWNRLEZ
2885,8075456,15668378,SWNRLEZ
2886,7485532,15668379,SWRNESE
2887,7485532,15668381,SWRNESE
2888,7485532,15668688,SWRNESE
2889,7485532,7590864,SWRNESE
2890,7485532,7590866,SWRNESE
2891,8081235,15669767,SSWRLOE
2892,8081235,7580802,SSWRLOE
2893,8081235,15669878,SSWRLOE
2894,8081235,15669780,SSWRLOE
2895,8081235,15669789,SSWRLOE
2896,8273931,15669878,SSZSRHO
2897,8273931,15669880,SSZSRHO
2898,8273931,15669863,SSZSRHO
2899,8273931,15669767,SSZSRHO
2900,8273931,15669777,SSZSRHO
2901,7452011,15668478,SWHSESE
2902,7452011,15668465,SWHSESE
2903,7452011,15668688,SWHSESE
2904,7452011,15668381,SWHSESE
2905,7452011,15668468,SWHSESE
2906,7752825,15669878,SWNSSEW
2907,7752825,15669778,SWNSSEW
2908,7752825,15669780,SWNSSEW
2909,7752825,15669880,SWNSSEW
2910,7752825,15669821,SWNSSEW
2911,8219465,15668460,SSNSCNE
2912,8219465,15668478,SSNSCNE
2913,8219465,15668379,SSNSCNE
2914,8219465,15668381,SSNSCNE
2915,8219465,15668462,SSNSCNE
2916,8241466,15668460,SWCLCLW
2917,8241466,15668379,SWCLCLW
2918,8241466,15668465,SWCLCLW
2919,8241466,15668478,SWCLCLW
2920,8241466,15669764,SWCLCLW
2921,8145688,15668378,SSSHCLH
2922,8145688,15668381,SSSHCLH
2923,8145688,15669764,SSSHCLH
2924,8145688,15669861,SSSHCLH
2925,8145688,15669872,SSSHCLH
2926,7406752,15668381,SSSHZHS
2927,7406752,15669860,SSSHZHS
2928,7406752,15669864,SSSHZHS
2929,7406752,15668379,SSSHZHS
2930,7406752,15669772,SSSHZHS
2931,8269483,15669780,SSNERHE
2932,8269483,15668379,SSNERHE
2933,8269483,15669878,SSNERHE
2934,8269483,15669835,SSNERHE
2935,8269483,15669790,SSNERHE
2936,8316970,15669872,SWENWSO
2937,8316970,15669824,SWENWSO
2938,8316970,15669863,SWENWSO
2939,8316970,15668379,SWENWSO
2940,8316970,15669799,SWENWSO
2941,8236676,15669864,SSSNHRZ
2942,8236676,15669869,SSSNHRZ
2943,8236676,15669762,SSSNHRZ
2944,8236676,15669817,SSSNHRZ
2945,8236676,15668379,SSSNHRZ
2946,7580491,15668470,SWOLOOS
2947,7580491,15668467,SWOLOOS
2948,7580491,15668379,SWOLOOS
2949,7580491,15668378,SWOLOOS
2950,7580491,15668451,SWOLOOS
2951,7826710,15668685,SWNWSCO
2952,7826710,15668457,SWNWSCO
2953,7826710,15669863,SWNWSCO
2954,7826710,15668474,SWNWSCO
2955,7826710,15668478,SWNWSCO
2956,8353591,15670260,SSSNZHO
2957,8353591,15670251,SSSNZHO
2958,8353591,15668465,SSSNZHO
2959,8353591,15670246,SSSNZHO
2960,8353591,15670157,SSSNZHO
2961,8131723,15668460,SWNRNSO
2962,8131723,15668381,SWNRNSO
2963,8131723,15668685,SWNRNSO
2964,8131723,15668379,SWNRNSO
2965,8131723,15668458,SWNRNSO
2966,8125808,15668465,SWRHZOO
2967,8125808,15669780,SWRHZOO
2968,8125808,15669878,SWRHZOO
2969,8125808,15668462,SWRHZOO
2970,8125808,15669764,SWRHZOO
2971,7344710,15669777,SWRHERW
2972,7344710,15669878,SWRHERW
2973,7344710,15669869,SWRHERW
2974,7344710,15669772,SWRHERW
2975,7344710,15669880,SWRHERW
2976,7671910,15668465,SWLLZEH
2977,7671910,15668688,SWLLZEH
2978,7671910,15668460,SWLLZEH
2979,7671910,15668685,SWLLZEH
2980,7671910,15668478,SWLLZEH
2981,8269393,15669878,SSSCNRE
2982,8269393,15669767,SSSCNRE
2983,8269393,15669869,SSSCNRE
2984,8269393,15669825,SSSCNRE
2985,8269393,15669856,SSSCNRE
2986,8333457,15668458,SSZRSZL
2987,8333457,15668379,SSZRSZL
2988,8333457,15668688,SSZRSZL
2989,8333457,15668381,SSZRSZL
2990,8333457,15668460,SSZRSZL
2991,7353545,15668460,SWHZENC
2992,7353545,15668381,SWHZENC
2993,7353545,15668458,SWHZENC
2994,7353545,15668378,SWHZENC
2995,7353545,15668462,SWHZENC
2996,8250106,15668379,SSWHRZZ
2997,8250106,7569801,SSWHRZZ
2998,8250106,15668378,SSWHRZZ
2999,8250106,15668467,SSWHRZZ
3000,8250106,15668688,SSWHRZZ
3001,8331712,15668460,SSZWOEE
3002,8331712,15668381,SSZWOEE
3003,8331712,15668462,SSZWOEE
3004,8331712,15668378,SSZWOEE
3005,8331712,15668685,SSZWOEE
3006,7476405,15668381,SWCRLZN
3007,7476405,15668378,SWCRLZN
3008,7476405,15669760,SWCRLZN
3009,7476405,15670251,SWCRLZN
3010,7476405,15669878,SWCRLZN
3011,8309697,15668460,SSWLNWS
3012,8309697,15668381,SSWLNWS
3013,8309697,15668688,SSWLNWS
3014,8309697,15668462,SSWLNWS
3015,8309697,15668467,SSWLNWS
3016,8070847,15669856,SWRNEHZ
3017,8070847,15668688,SWRNEHZ
3018,8070847,15669824,SWRNEHZ
3019,8070847,15668378,SWRNEHZ
3020,8070847,15669790,SWRNEHZ
3021,8071554,15669832,SSCESNS
3022,8071554,15669857,SSCESNS
3023,8071554,15669760,SSCESNS
3024,8071554,15669821,SSCESNS
3025,8071554,15669878,SSCESNS
3026,7387521,15669869,SSSRREW
3027,7387521,7689353,SSSRREW
3028,7387521,15669878,SSSRREW
3029,7387521,15669767,SSSRREW
3030,7387521,15669875,SSSRREW
3031,8098117,15669880,SWNEWRZ
3032,8098117,15669878,SWNEWRZ
3033,8098117,15669864,SWNEWRZ
3034,8098117,15669764,SWNEWRZ
3035,8098117,15669817,SWNEWRZ
3036,8114312,15668460,SSOHCZO
3037,8114312,15668381,SSOHCZO
3038,8114312,15668458,SSOHCZO
3039,8114312,15668466,SSOHCZO
3040,8114312,15668378,SSOHCZO
3041,8133089,15668381,SSECELH
3042,8133089,15668460,SSECELH
3043,8133089,15668469,SSECELH
3044,8133089,15668462,SSECELH
3045,8133089,15668378,SSECELH
3046,8091884,15669767,SSEHHWW
3047,8091884,15669878,SSEHHWW
3048,8091884,7580802,SSEHHWW
3049,8091884,15669789,SSEHHWW
3050,8091884,15669860,SSEHHWW
3051,8134798,15668381,SSSHLRH
3052,8134798,15668685,SSSHLRH
3053,8134798,15668460,SSSHLRH
3054,8134798,15668458,SSSHLRH
3055,8134798,15668378,SSSHLRH
3056,8104378,15668688,SSSWOLZ
3057,8104378,15668457,SSSWOLZ
3058,8104378,15669863,SSSWOLZ
3059,8104378,15668465,SSSWOLZ
3060,8104378,15668379,SSSWOLZ
3061,8065400,15668381,SSLZWEN
3062,8065400,15668465,SSLZWEN
3063,8065400,15668378,SSLZWEN
3064,8065400,15668467,SSLZWEN
3065,8065400,15668688,SSLZWEN
3066,8261883,7580823,SWENCOC
3067,8261883,15669878,SWENCOC
3068,8261883,15669856,SWENCOC
3069,8261883,15669772,SWENCOC
3070,8261883,15669884,SWENCOC
3071,8080218,15668381,SWCZELR
3072,8080218,15668460,SWCZELR
3073,8080218,15668378,SWCZELR
3074,8080218,15668469,SWCZELR
3075,8080218,15668458,SWCZELR
3076,8176714,15668381,SSWLSWS
3077,8176714,15668465,SSWLSWS
3078,8176714,15668467,SSWLSWS
3079,8176714,15668379,SSWLSWS
3080,8176714,15668688,SSWLSWS
3081,8317527,15668381,SSOCCSO
3082,8317527,15668379,SSOCCSO
3083,8317527,15668688,SSOCCSO
3084,8317527,15669760,SSOCCSO
3085,8317527,15669780,SSOCCSO
3086,7795816,15668467,SWOOEZE
3087,7795816,15668462,SWOOEZE
3088,7795816,15668378,SWOOEZE
3089,7795816,15668688,SWOOEZE
3090,7795816,15668459,SWOOEZE
3091,8152500,15669832,SSZWRWL
3092,8152500,15669872,SSZWRWL
3093,8152500,15669880,SSZWRWL
3094,8152500,15669817,SSZWRWL
3095,8152500,15669776,SSZWRWL
3096,7370585,15668458,SWHRNRE
3097,7370585,15668379,SWHRNRE
3098,7370585,15668460,SWHRNRE
3099,7370585,15668381,SWHRNRE
3100,7370585,15668688,SWHRNRE
3101,8089421,15669869,SSZEZHN
3102,8089421,15669777,SSZEZHN
3103,8089421,15669760,SSZEZHN
3104,8089421,15669880,SSZEZHN
3105,8089421,15669887,SSZEZHN
3106,7709440,15669778,SWOHCZL
3107,7709440,15669860,SWOHCZL
3108,7709440,15669772,SWOHCZL
3109,7709440,15669866,SWOHCZL
3110,7709440,15669769,SWOHCZL
3111,8094702,15668467,SSCRRRE
3112,8094702,15668478,SSCRRRE
3113,8094702,15668465,SSCRRRE
3114,8094702,15668688,SSCRRRE
3115,8094702,15668379,SSCRRRE
3116,7742017,15668467,SWLRSOE
3117,7742017,15668688,SWLRSOE
3118,7742017,15668460,SWLRSOE
3119,7742017,15668457,SWLRSOE
3120,7742017,15668378,SWLRSOE
3121,8076187,15668381,SSRHNHL
3122,8076187,15668460,SSRHNHL
3123,8076187,15668379,SSRHNHL
3124,8076187,15668458,SSRHNHL
3125,8076187,15668685,SSRHNHL
3126,8102497,15668460,SSRENSN
3127,8102497,15668467,SSRENSN
3128,8102497,15668381,SSRENSN
3129,8102497,15668688,SSRENSN
3130,8102497,15668379,SSRENSN
3131,7712484,15668460,SWRCHWS
3132,7712484,15669780,SWRCHWS
3133,7712484,15668467,SWRCHWS
3134,7712484,15668378,SWRCHWS
3135,7712484,15668688,SWRCHWS
3136,7436171,15668688,SSSSZSE
3137,7436171,15668416,SSSSZSE
3138,7436171,15668378,SSSSZSE
3139,7436171,15668465,SSSSZSE
3140,7436171,15668381,SSSSZSE
3141,8269882,15668473,SWNHZNW
3142,8269882,15668470,SWNHZNW
3143,8269882,15670251,SWNHZNW
3144,8269882,15668381,SWNHZNW
3145,8269882,15670260,SWNHZNW
3146,8339940,15669776,SWLONSR
3147,8339940,15669878,SWLONSR
3148,8339940,15669832,SWLONSR
3149,8339940,15669767,SWLONSR
3150,8339940,15669872,SWLONSR
3151,8084980,15669872,SSOOWNN
3152,8084980,15669817,SSOOWNN
3153,8084980,15669988,SSOOWNN
3154,8084980,15668468,SSOOWNN
3155,8084980,15669832,SSOOWNN
3156,8166910,15670157,SSZHCSO
3157,8166910,15668378,SSZHCSO
3158,8166910,15668688,SSZHCSO
3159,8166910,15668460,SSZHCSO
3160,8166910,15668381,SSZHCSO
3161,8289377,15668381,SSRHCOW
3162,8289377,15668688,SSRHCOW
3163,8289377,15668451,SSRHCOW
3164,8289377,15668379,SSRHCOW
3165,8289377,15668467,SSRHCOW
3166,7581908,15668474,SWCCRWW
3167,7581908,15668378,SWCCRWW
3168,7581908,15668688,SWCCRWW
3169,7581908,15668381,SWCCRWW
3170,7581908,15668379,SWCCRWW
3171,8179077,15668460,SSONEOS
3172,8179077,15668381,SSONEOS
3173,8179077,15668378,SSONEOS
3174,8179077,15668462,SSONEOS
3175,8179077,15669878,SSONEOS
3176,8226852,15669856,SWRCCCC
3177,8226852,15669861,SWRCCCC
3178,8226852,15669878,SWRCCCC
3179,8226852,15670267,SWRCCCC
3180,8226852,15668460,SWRCCCC
3181,8213552,15669869,SWRHRHL
3182,8213552,15668379,SWRHRHL
3183,8213552,15669772,SWRHRHL
3184,8213552,15668478,SWRHRHL
3185,8213552,15669878,SWRHRHL
3186,7682167,15670157,SWOSHSO
3187,7682167,15670251,SWOSHSO
3188,7682167,15669780,SWOSHSO
3189,7682167,15670260,SWOSHSO
3190,7682167,15668478,SWOSHSO
